#oghma_csv {"title":"Refractive index","type":"xy","y_label":"Wavelength","data_label":"Refractive index","y_units":"nm","y_mul":1000000000.0,"data_units":"au","icon":"mat_file","time ":0.0,"Vexternal":0.0,"x_len":1,"y_len":2000,"z_len":1,"cols":"yd"}*
1.820000e-07	1.467997e+00
1.824735e-07	1.466305e+00
1.829470e-07	1.464659e+00
1.834205e-07	1.463057e+00
1.838940e-07	1.461497e+00
1.843675e-07	1.459977e+00
1.848410e-07	1.458494e+00
1.853145e-07	1.457048e+00
1.857880e-07	1.455636e+00
1.862615e-07	1.454258e+00
1.867350e-07	1.452911e+00
1.872085e-07	1.451595e+00
1.876820e-07	1.450308e+00
1.881555e-07	1.449049e+00
1.886290e-07	1.447817e+00
1.891025e-07	1.446611e+00
1.895760e-07	1.445430e+00
1.900495e-07	1.444273e+00
1.905230e-07	1.443139e+00
1.909965e-07	1.442028e+00
1.914700e-07	1.440938e+00
1.919435e-07	1.439869e+00
1.924170e-07	1.438821e+00
1.928905e-07	1.437792e+00
1.933640e-07	1.436782e+00
1.938375e-07	1.435791e+00
1.943110e-07	1.434817e+00
1.947845e-07	1.433860e+00
1.952580e-07	1.432921e+00
1.957315e-07	1.431997e+00
1.962050e-07	1.431089e+00
1.966785e-07	1.430197e+00
1.971520e-07	1.429319e+00
1.976255e-07	1.428456e+00
1.980990e-07	1.427607e+00
1.985725e-07	1.426772e+00
1.990460e-07	1.425950e+00
1.995195e-07	1.425141e+00
1.999930e-07	1.424345e+00
2.004665e-07	1.423560e+00
2.009400e-07	1.422788e+00
2.014135e-07	1.422028e+00
2.018870e-07	1.421279e+00
2.023605e-07	1.420541e+00
2.028340e-07	1.419814e+00
2.033075e-07	1.419097e+00
2.037810e-07	1.418391e+00
2.042545e-07	1.417695e+00
2.047280e-07	1.417009e+00
2.052015e-07	1.416332e+00
2.056750e-07	1.415665e+00
2.061485e-07	1.415007e+00
2.066220e-07	1.414358e+00
2.070955e-07	1.413718e+00
2.075690e-07	1.413087e+00
2.080425e-07	1.412463e+00
2.085160e-07	1.411849e+00
2.089895e-07	1.411242e+00
2.094630e-07	1.410643e+00
2.099365e-07	1.410052e+00
2.104100e-07	1.409468e+00
2.108835e-07	1.408892e+00
2.113570e-07	1.408323e+00
2.118305e-07	1.407762e+00
2.123040e-07	1.407207e+00
2.127775e-07	1.406659e+00
2.132510e-07	1.406118e+00
2.137245e-07	1.405583e+00
2.141980e-07	1.405055e+00
2.146715e-07	1.404533e+00
2.151450e-07	1.404018e+00
2.156185e-07	1.403508e+00
2.160920e-07	1.403005e+00
2.165655e-07	1.402507e+00
2.170390e-07	1.402015e+00
2.175125e-07	1.401529e+00
2.179860e-07	1.401049e+00
2.184595e-07	1.400574e+00
2.189330e-07	1.400104e+00
2.194065e-07	1.399639e+00
2.198800e-07	1.399180e+00
2.203535e-07	1.398726e+00
2.208270e-07	1.398277e+00
2.213005e-07	1.397833e+00
2.217740e-07	1.397393e+00
2.222475e-07	1.396959e+00
2.227210e-07	1.396529e+00
2.231945e-07	1.396103e+00
2.236680e-07	1.395683e+00
2.241415e-07	1.395266e+00
2.246150e-07	1.394854e+00
2.250885e-07	1.394446e+00
2.255620e-07	1.394043e+00
2.260355e-07	1.393644e+00
2.265090e-07	1.393249e+00
2.269825e-07	1.392858e+00
2.274560e-07	1.392470e+00
2.279295e-07	1.392087e+00
2.284030e-07	1.391708e+00
2.288765e-07	1.391332e+00
2.293500e-07	1.390960e+00
2.298235e-07	1.390592e+00
2.302970e-07	1.390228e+00
2.307705e-07	1.389867e+00
2.312440e-07	1.389509e+00
2.317175e-07	1.389155e+00
2.321910e-07	1.388805e+00
2.326645e-07	1.388458e+00
2.331380e-07	1.388114e+00
2.336115e-07	1.387773e+00
2.340850e-07	1.387436e+00
2.345585e-07	1.387102e+00
2.350320e-07	1.386771e+00
2.355055e-07	1.386443e+00
2.359790e-07	1.386118e+00
2.364525e-07	1.385796e+00
2.369260e-07	1.385477e+00
2.373995e-07	1.385161e+00
2.378730e-07	1.384848e+00
2.383465e-07	1.384538e+00
2.388200e-07	1.384230e+00
2.392935e-07	1.383925e+00
2.397670e-07	1.383623e+00
2.402405e-07	1.383324e+00
2.407140e-07	1.383028e+00
2.411875e-07	1.382733e+00
2.416610e-07	1.382442e+00
2.421345e-07	1.382153e+00
2.426080e-07	1.381867e+00
2.430815e-07	1.381583e+00
2.435550e-07	1.381301e+00
2.440285e-07	1.381022e+00
2.445020e-07	1.380746e+00
2.449755e-07	1.380471e+00
2.454490e-07	1.380200e+00
2.459225e-07	1.379930e+00
2.463960e-07	1.379663e+00
2.468695e-07	1.379397e+00
2.473430e-07	1.379135e+00
2.478165e-07	1.378874e+00
2.482900e-07	1.378615e+00
2.487635e-07	1.378359e+00
2.492370e-07	1.378105e+00
2.497105e-07	1.377852e+00
2.501840e-07	1.377602e+00
2.506575e-07	1.377354e+00
2.511310e-07	1.377108e+00
2.516045e-07	1.376864e+00
2.520780e-07	1.376622e+00
2.525515e-07	1.376381e+00
2.530250e-07	1.376143e+00
2.534985e-07	1.375906e+00
2.539720e-07	1.375672e+00
2.544455e-07	1.375439e+00
2.549190e-07	1.375208e+00
2.553925e-07	1.374979e+00
2.558660e-07	1.374752e+00
2.563395e-07	1.374526e+00
2.568130e-07	1.374303e+00
2.572865e-07	1.374080e+00
2.577600e-07	1.373860e+00
2.582335e-07	1.373641e+00
2.587070e-07	1.373424e+00
2.591805e-07	1.373209e+00
2.596540e-07	1.372995e+00
2.601275e-07	1.372783e+00
2.606010e-07	1.372573e+00
2.610745e-07	1.372364e+00
2.615480e-07	1.372156e+00
2.620215e-07	1.371950e+00
2.624950e-07	1.371746e+00
2.629685e-07	1.371543e+00
2.634420e-07	1.371342e+00
2.639155e-07	1.371142e+00
2.643890e-07	1.370944e+00
2.648625e-07	1.370747e+00
2.653360e-07	1.370551e+00
2.658095e-07	1.370357e+00
2.662830e-07	1.370165e+00
2.667565e-07	1.369973e+00
2.672300e-07	1.369783e+00
2.677035e-07	1.369595e+00
2.681770e-07	1.369407e+00
2.686505e-07	1.369222e+00
2.691240e-07	1.369037e+00
2.695975e-07	1.368854e+00
2.700710e-07	1.368672e+00
2.705445e-07	1.368491e+00
2.710180e-07	1.368311e+00
2.714915e-07	1.368133e+00
2.719650e-07	1.367956e+00
2.724385e-07	1.367780e+00
2.729120e-07	1.367606e+00
2.733855e-07	1.367433e+00
2.738590e-07	1.367260e+00
2.743325e-07	1.367089e+00
2.748060e-07	1.366920e+00
2.752795e-07	1.366751e+00
2.757530e-07	1.366583e+00
2.762265e-07	1.366417e+00
2.767000e-07	1.366252e+00
2.771735e-07	1.366088e+00
2.776470e-07	1.365924e+00
2.781205e-07	1.365762e+00
2.785940e-07	1.365602e+00
2.790675e-07	1.365442e+00
2.795410e-07	1.365283e+00
2.800145e-07	1.365125e+00
2.804880e-07	1.364968e+00
2.809615e-07	1.364813e+00
2.814350e-07	1.364658e+00
2.819085e-07	1.364504e+00
2.823820e-07	1.364352e+00
2.828555e-07	1.364200e+00
2.833290e-07	1.364049e+00
2.838025e-07	1.363900e+00
2.842760e-07	1.363751e+00
2.847495e-07	1.363603e+00
2.852230e-07	1.363456e+00
2.856965e-07	1.363310e+00
2.861700e-07	1.363165e+00
2.866435e-07	1.363021e+00
2.871170e-07	1.362878e+00
2.875905e-07	1.362736e+00
2.880640e-07	1.362594e+00
2.885375e-07	1.362454e+00
2.890110e-07	1.362314e+00
2.894845e-07	1.362175e+00
2.899580e-07	1.362037e+00
2.904315e-07	1.361900e+00
2.909050e-07	1.361764e+00
2.913785e-07	1.361629e+00
2.918520e-07	1.361494e+00
2.923255e-07	1.361360e+00
2.927990e-07	1.361228e+00
2.932725e-07	1.361095e+00
2.937460e-07	1.360964e+00
2.942195e-07	1.360834e+00
2.946930e-07	1.360704e+00
2.951665e-07	1.360575e+00
2.956400e-07	1.360447e+00
2.961135e-07	1.360319e+00
2.965870e-07	1.360193e+00
2.970605e-07	1.360067e+00
2.975340e-07	1.359942e+00
2.980075e-07	1.359817e+00
2.984810e-07	1.359694e+00
2.989545e-07	1.359571e+00
2.994280e-07	1.359449e+00
2.999015e-07	1.359327e+00
3.003750e-07	1.359206e+00
3.008485e-07	1.359086e+00
3.013220e-07	1.358967e+00
3.017955e-07	1.358848e+00
3.022690e-07	1.358730e+00
3.027425e-07	1.358613e+00
3.032160e-07	1.358496e+00
3.036895e-07	1.358380e+00
3.041630e-07	1.358265e+00
3.046365e-07	1.358150e+00
3.051100e-07	1.358037e+00
3.055835e-07	1.357923e+00
3.060570e-07	1.357810e+00
3.065305e-07	1.357698e+00
3.070040e-07	1.357587e+00
3.074775e-07	1.357476e+00
3.079510e-07	1.357366e+00
3.084245e-07	1.357256e+00
3.088980e-07	1.357148e+00
3.093715e-07	1.357039e+00
3.098450e-07	1.356931e+00
3.103185e-07	1.356824e+00
3.107920e-07	1.356718e+00
3.112655e-07	1.356612e+00
3.117390e-07	1.356506e+00
3.122125e-07	1.356402e+00
3.126860e-07	1.356297e+00
3.131595e-07	1.356194e+00
3.136330e-07	1.356091e+00
3.141065e-07	1.355988e+00
3.145800e-07	1.355886e+00
3.150535e-07	1.355785e+00
3.155270e-07	1.355684e+00
3.160005e-07	1.355584e+00
3.164740e-07	1.355484e+00
3.169475e-07	1.355385e+00
3.174210e-07	1.355286e+00
3.178945e-07	1.355188e+00
3.183680e-07	1.355090e+00
3.188415e-07	1.354993e+00
3.193150e-07	1.354896e+00
3.197885e-07	1.354800e+00
3.202620e-07	1.354705e+00
3.207355e-07	1.354610e+00
3.212090e-07	1.354515e+00
3.216825e-07	1.354421e+00
3.221560e-07	1.354327e+00
3.226295e-07	1.354234e+00
3.231030e-07	1.354142e+00
3.235765e-07	1.354049e+00
3.240500e-07	1.353958e+00
3.245235e-07	1.353867e+00
3.249970e-07	1.353776e+00
3.254705e-07	1.353686e+00
3.259440e-07	1.353596e+00
3.264175e-07	1.353506e+00
3.268910e-07	1.353418e+00
3.273645e-07	1.353329e+00
3.278380e-07	1.353241e+00
3.283115e-07	1.353154e+00
3.287850e-07	1.353067e+00
3.292585e-07	1.352980e+00
3.297320e-07	1.352894e+00
3.302055e-07	1.352808e+00
3.306790e-07	1.352723e+00
3.311525e-07	1.352638e+00
3.316260e-07	1.352553e+00
3.320995e-07	1.352469e+00
3.325730e-07	1.352385e+00
3.330465e-07	1.352302e+00
3.335200e-07	1.352219e+00
3.339935e-07	1.352137e+00
3.344670e-07	1.352055e+00
3.349405e-07	1.351973e+00
3.354140e-07	1.351892e+00
3.358875e-07	1.351811e+00
3.363610e-07	1.351731e+00
3.368345e-07	1.351651e+00
3.373080e-07	1.351571e+00
3.377815e-07	1.351492e+00
3.382550e-07	1.351413e+00
3.387285e-07	1.351335e+00
3.392020e-07	1.351257e+00
3.396755e-07	1.351179e+00
3.401490e-07	1.351102e+00
3.406225e-07	1.351025e+00
3.410960e-07	1.350948e+00
3.415695e-07	1.350872e+00
3.420430e-07	1.350796e+00
3.425165e-07	1.350721e+00
3.429900e-07	1.350646e+00
3.434635e-07	1.350571e+00
3.439370e-07	1.350496e+00
3.444105e-07	1.350422e+00
3.448840e-07	1.350349e+00
3.453575e-07	1.350275e+00
3.458310e-07	1.350202e+00
3.463045e-07	1.350130e+00
3.467780e-07	1.350057e+00
3.472515e-07	1.349985e+00
3.477250e-07	1.349914e+00
3.481985e-07	1.349842e+00
3.486720e-07	1.349771e+00
3.491455e-07	1.349701e+00
3.496190e-07	1.349630e+00
3.500925e-07	1.349560e+00
3.505660e-07	1.349491e+00
3.510395e-07	1.349421e+00
3.515130e-07	1.349352e+00
3.519865e-07	1.349283e+00
3.524600e-07	1.349215e+00
3.529335e-07	1.349147e+00
3.534070e-07	1.349079e+00
3.538805e-07	1.349012e+00
3.543540e-07	1.348944e+00
3.548275e-07	1.348878e+00
3.553010e-07	1.348811e+00
3.557745e-07	1.348745e+00
3.562480e-07	1.348679e+00
3.567215e-07	1.348613e+00
3.571950e-07	1.348548e+00
3.576685e-07	1.348482e+00
3.581420e-07	1.348418e+00
3.586155e-07	1.348353e+00
3.590890e-07	1.348289e+00
3.595625e-07	1.348225e+00
3.600360e-07	1.348161e+00
3.605095e-07	1.348098e+00
3.609830e-07	1.348035e+00
3.614565e-07	1.347972e+00
3.619300e-07	1.347909e+00
3.624035e-07	1.347847e+00
3.628770e-07	1.347785e+00
3.633505e-07	1.347723e+00
3.638240e-07	1.347662e+00
3.642975e-07	1.347601e+00
3.647710e-07	1.347540e+00
3.652445e-07	1.347479e+00
3.657180e-07	1.347419e+00
3.661915e-07	1.347359e+00
3.666650e-07	1.347299e+00
3.671385e-07	1.347239e+00
3.676120e-07	1.347180e+00
3.680855e-07	1.347121e+00
3.685590e-07	1.347062e+00
3.690325e-07	1.347003e+00
3.695060e-07	1.346945e+00
3.699795e-07	1.346887e+00
3.704530e-07	1.346829e+00
3.709265e-07	1.346771e+00
3.714000e-07	1.346714e+00
3.718735e-07	1.346657e+00
3.723470e-07	1.346600e+00
3.728205e-07	1.346543e+00
3.732940e-07	1.346487e+00
3.737675e-07	1.346431e+00
3.742410e-07	1.346375e+00
3.747145e-07	1.346319e+00
3.751880e-07	1.346264e+00
3.756615e-07	1.346208e+00
3.761350e-07	1.346153e+00
3.766085e-07	1.346098e+00
3.770820e-07	1.346044e+00
3.775555e-07	1.345990e+00
3.780290e-07	1.345935e+00
3.785025e-07	1.345882e+00
3.789760e-07	1.345828e+00
3.794495e-07	1.345774e+00
3.799230e-07	1.345721e+00
3.803965e-07	1.345668e+00
3.808700e-07	1.345615e+00
3.813435e-07	1.345563e+00
3.818170e-07	1.345511e+00
3.822905e-07	1.345458e+00
3.827640e-07	1.345406e+00
3.832375e-07	1.345355e+00
3.837110e-07	1.345303e+00
3.841845e-07	1.345252e+00
3.846580e-07	1.345201e+00
3.851315e-07	1.345150e+00
3.856050e-07	1.345099e+00
3.860785e-07	1.345049e+00
3.865520e-07	1.344998e+00
3.870255e-07	1.344948e+00
3.874990e-07	1.344898e+00
3.879725e-07	1.344849e+00
3.884460e-07	1.344799e+00
3.889195e-07	1.344750e+00
3.893930e-07	1.344701e+00
3.898665e-07	1.344652e+00
3.903400e-07	1.344603e+00
3.908135e-07	1.344555e+00
3.912870e-07	1.344506e+00
3.917605e-07	1.344458e+00
3.922340e-07	1.344410e+00
3.927075e-07	1.344362e+00
3.931810e-07	1.344315e+00
3.936545e-07	1.344267e+00
3.941280e-07	1.344220e+00
3.946015e-07	1.344173e+00
3.950750e-07	1.344126e+00
3.955485e-07	1.344080e+00
3.960220e-07	1.344033e+00
3.964955e-07	1.343987e+00
3.969690e-07	1.343941e+00
3.974425e-07	1.343895e+00
3.979160e-07	1.343849e+00
3.983895e-07	1.343803e+00
3.988630e-07	1.343758e+00
3.993365e-07	1.343713e+00
3.998100e-07	1.343668e+00
4.002835e-07	1.343623e+00
4.007570e-07	1.343578e+00
4.012305e-07	1.343533e+00
4.017040e-07	1.343489e+00
4.021775e-07	1.343445e+00
4.026510e-07	1.343401e+00
4.031245e-07	1.343357e+00
4.035980e-07	1.343313e+00
4.040715e-07	1.343269e+00
4.045450e-07	1.343226e+00
4.050185e-07	1.343183e+00
4.054920e-07	1.343140e+00
4.059655e-07	1.343097e+00
4.064390e-07	1.343054e+00
4.069125e-07	1.343011e+00
4.073860e-07	1.342969e+00
4.078595e-07	1.342927e+00
4.083330e-07	1.342884e+00
4.088065e-07	1.342842e+00
4.092800e-07	1.342801e+00
4.097535e-07	1.342759e+00
4.102270e-07	1.342717e+00
4.107005e-07	1.342676e+00
4.111740e-07	1.342635e+00
4.116475e-07	1.342594e+00
4.121210e-07	1.342553e+00
4.125945e-07	1.342512e+00
4.130680e-07	1.342471e+00
4.135415e-07	1.342431e+00
4.140150e-07	1.342390e+00
4.144885e-07	1.342350e+00
4.149620e-07	1.342310e+00
4.154355e-07	1.342270e+00
4.159090e-07	1.342231e+00
4.163825e-07	1.342191e+00
4.168560e-07	1.342151e+00
4.173295e-07	1.342112e+00
4.178030e-07	1.342073e+00
4.182765e-07	1.342034e+00
4.187500e-07	1.341995e+00
4.192235e-07	1.341956e+00
4.196970e-07	1.341918e+00
4.201705e-07	1.341879e+00
4.206440e-07	1.341841e+00
4.211175e-07	1.341802e+00
4.215910e-07	1.341764e+00
4.220645e-07	1.341726e+00
4.225380e-07	1.341688e+00
4.230115e-07	1.341651e+00
4.234850e-07	1.341613e+00
4.239585e-07	1.341576e+00
4.244320e-07	1.341538e+00
4.249055e-07	1.341501e+00
4.253790e-07	1.341464e+00
4.258525e-07	1.341427e+00
4.263260e-07	1.341390e+00
4.267995e-07	1.341354e+00
4.272730e-07	1.341317e+00
4.277465e-07	1.341281e+00
4.282200e-07	1.341245e+00
4.286935e-07	1.341208e+00
4.291670e-07	1.341172e+00
4.296405e-07	1.341136e+00
4.301140e-07	1.341101e+00
4.305875e-07	1.341065e+00
4.310610e-07	1.341029e+00
4.315345e-07	1.340994e+00
4.320080e-07	1.340959e+00
4.324815e-07	1.340923e+00
4.329550e-07	1.340888e+00
4.334285e-07	1.340853e+00
4.339020e-07	1.340819e+00
4.343755e-07	1.340784e+00
4.348490e-07	1.340749e+00
4.353225e-07	1.340715e+00
4.357960e-07	1.340680e+00
4.362695e-07	1.340646e+00
4.367430e-07	1.340612e+00
4.372165e-07	1.340578e+00
4.376900e-07	1.340544e+00
4.381635e-07	1.340510e+00
4.386370e-07	1.340477e+00
4.391105e-07	1.340443e+00
4.395840e-07	1.340409e+00
4.400575e-07	1.340376e+00
4.405310e-07	1.340343e+00
4.410045e-07	1.340310e+00
4.414780e-07	1.340277e+00
4.419515e-07	1.340244e+00
4.424250e-07	1.340211e+00
4.428985e-07	1.340178e+00
4.433720e-07	1.340146e+00
4.438455e-07	1.340113e+00
4.443190e-07	1.340081e+00
4.447925e-07	1.340048e+00
4.452660e-07	1.340016e+00
4.457395e-07	1.339984e+00
4.462130e-07	1.339952e+00
4.466865e-07	1.339920e+00
4.471600e-07	1.339889e+00
4.476335e-07	1.339857e+00
4.481070e-07	1.339825e+00
4.485805e-07	1.339794e+00
4.490540e-07	1.339763e+00
4.495275e-07	1.339731e+00
4.500010e-07	1.339700e+00
4.504745e-07	1.339669e+00
4.509480e-07	1.339638e+00
4.514215e-07	1.339607e+00
4.518950e-07	1.339576e+00
4.523685e-07	1.339546e+00
4.528420e-07	1.339515e+00
4.533155e-07	1.339485e+00
4.537890e-07	1.339454e+00
4.542625e-07	1.339424e+00
4.547360e-07	1.339394e+00
4.552095e-07	1.339364e+00
4.556830e-07	1.339334e+00
4.561565e-07	1.339304e+00
4.566300e-07	1.339274e+00
4.571035e-07	1.339244e+00
4.575770e-07	1.339215e+00
4.580505e-07	1.339185e+00
4.585240e-07	1.339156e+00
4.589975e-07	1.339126e+00
4.594710e-07	1.339097e+00
4.599445e-07	1.339068e+00
4.604180e-07	1.339039e+00
4.608915e-07	1.339010e+00
4.613650e-07	1.338981e+00
4.618385e-07	1.338952e+00
4.623120e-07	1.338923e+00
4.627855e-07	1.338895e+00
4.632590e-07	1.338866e+00
4.637325e-07	1.338838e+00
4.642060e-07	1.338809e+00
4.646795e-07	1.338781e+00
4.651530e-07	1.338753e+00
4.656265e-07	1.338725e+00
4.661000e-07	1.338697e+00
4.665735e-07	1.338669e+00
4.670470e-07	1.338641e+00
4.675205e-07	1.338613e+00
4.679940e-07	1.338585e+00
4.684675e-07	1.338558e+00
4.689410e-07	1.338530e+00
4.694145e-07	1.338503e+00
4.698880e-07	1.338475e+00
4.703615e-07	1.338448e+00
4.708350e-07	1.338421e+00
4.713085e-07	1.338394e+00
4.717820e-07	1.338367e+00
4.722555e-07	1.338340e+00
4.727290e-07	1.338313e+00
4.732025e-07	1.338286e+00
4.736760e-07	1.338259e+00
4.741495e-07	1.338232e+00
4.746230e-07	1.338206e+00
4.750965e-07	1.338179e+00
4.755700e-07	1.338153e+00
4.760435e-07	1.338127e+00
4.765170e-07	1.338100e+00
4.769905e-07	1.338074e+00
4.774640e-07	1.338048e+00
4.779375e-07	1.338022e+00
4.784110e-07	1.337996e+00
4.788845e-07	1.337970e+00
4.793580e-07	1.337944e+00
4.798315e-07	1.337919e+00
4.803050e-07	1.337893e+00
4.807785e-07	1.337867e+00
4.812520e-07	1.337842e+00
4.817255e-07	1.337816e+00
4.821990e-07	1.337791e+00
4.826725e-07	1.337766e+00
4.831460e-07	1.337740e+00
4.836195e-07	1.337715e+00
4.840930e-07	1.337690e+00
4.845665e-07	1.337665e+00
4.850400e-07	1.337640e+00
4.855135e-07	1.337615e+00
4.859870e-07	1.337590e+00
4.864605e-07	1.337566e+00
4.869340e-07	1.337541e+00
4.874075e-07	1.337516e+00
4.878810e-07	1.337492e+00
4.883545e-07	1.337467e+00
4.888280e-07	1.337443e+00
4.893015e-07	1.337419e+00
4.897750e-07	1.337395e+00
4.902485e-07	1.337370e+00
4.907220e-07	1.337346e+00
4.911955e-07	1.337322e+00
4.916690e-07	1.337298e+00
4.921425e-07	1.337274e+00
4.926160e-07	1.337250e+00
4.930895e-07	1.337227e+00
4.935630e-07	1.337203e+00
4.940365e-07	1.337179e+00
4.945100e-07	1.337156e+00
4.949835e-07	1.337132e+00
4.954570e-07	1.337109e+00
4.959305e-07	1.337085e+00
4.964040e-07	1.337062e+00
4.968775e-07	1.337039e+00
4.973510e-07	1.337015e+00
4.978245e-07	1.336992e+00
4.982980e-07	1.336969e+00
4.987715e-07	1.336946e+00
4.992450e-07	1.336923e+00
4.997185e-07	1.336900e+00
5.001920e-07	1.336877e+00
5.006655e-07	1.336855e+00
5.011390e-07	1.336832e+00
5.016125e-07	1.336809e+00
5.020860e-07	1.336787e+00
5.025595e-07	1.336764e+00
5.030330e-07	1.336742e+00
5.035065e-07	1.336719e+00
5.039800e-07	1.336697e+00
5.044535e-07	1.336675e+00
5.049270e-07	1.336652e+00
5.054005e-07	1.336630e+00
5.058740e-07	1.336608e+00
5.063475e-07	1.336586e+00
5.068210e-07	1.336564e+00
5.072945e-07	1.336542e+00
5.077680e-07	1.336520e+00
5.082415e-07	1.336498e+00
5.087150e-07	1.336477e+00
5.091885e-07	1.336455e+00
5.096620e-07	1.336433e+00
5.101355e-07	1.336412e+00
5.106090e-07	1.336390e+00
5.110825e-07	1.336369e+00
5.115560e-07	1.336347e+00
5.120295e-07	1.336326e+00
5.125030e-07	1.336304e+00
5.129765e-07	1.336283e+00
5.134500e-07	1.336262e+00
5.139235e-07	1.336241e+00
5.143970e-07	1.336220e+00
5.148705e-07	1.336199e+00
5.153440e-07	1.336178e+00
5.158175e-07	1.336157e+00
5.162910e-07	1.336136e+00
5.167645e-07	1.336115e+00
5.172380e-07	1.336094e+00
5.177115e-07	1.336073e+00
5.181850e-07	1.336053e+00
5.186585e-07	1.336032e+00
5.191320e-07	1.336012e+00
5.196055e-07	1.335991e+00
5.200790e-07	1.335971e+00
5.205525e-07	1.335950e+00
5.210260e-07	1.335930e+00
5.214995e-07	1.335910e+00
5.219730e-07	1.335889e+00
5.224465e-07	1.335869e+00
5.229200e-07	1.335849e+00
5.233935e-07	1.335829e+00
5.238670e-07	1.335809e+00
5.243405e-07	1.335789e+00
5.248140e-07	1.335769e+00
5.252875e-07	1.335749e+00
5.257610e-07	1.335729e+00
5.262345e-07	1.335709e+00
5.267080e-07	1.335689e+00
5.271815e-07	1.335670e+00
5.276550e-07	1.335650e+00
5.281285e-07	1.335630e+00
5.286020e-07	1.335611e+00
5.290755e-07	1.335591e+00
5.295490e-07	1.335572e+00
5.300225e-07	1.335552e+00
5.304960e-07	1.335533e+00
5.309695e-07	1.335514e+00
5.314430e-07	1.335494e+00
5.319165e-07	1.335475e+00
5.323900e-07	1.335456e+00
5.328635e-07	1.335437e+00
5.333370e-07	1.335418e+00
5.338105e-07	1.335399e+00
5.342840e-07	1.335380e+00
5.347575e-07	1.335361e+00
5.352310e-07	1.335342e+00
5.357045e-07	1.335323e+00
5.361780e-07	1.335304e+00
5.366515e-07	1.335285e+00
5.371250e-07	1.335266e+00
5.375985e-07	1.335248e+00
5.380720e-07	1.335229e+00
5.385455e-07	1.335210e+00
5.390190e-07	1.335192e+00
5.394925e-07	1.335173e+00
5.399660e-07	1.335155e+00
5.404395e-07	1.335136e+00
5.409130e-07	1.335118e+00
5.413865e-07	1.335100e+00
5.418600e-07	1.335081e+00
5.423335e-07	1.335063e+00
5.428070e-07	1.335045e+00
5.432805e-07	1.335027e+00
5.437540e-07	1.335009e+00
5.442275e-07	1.334990e+00
5.447010e-07	1.334972e+00
5.451745e-07	1.334954e+00
5.456480e-07	1.334936e+00
5.461215e-07	1.334918e+00
5.465950e-07	1.334901e+00
5.470685e-07	1.334883e+00
5.475420e-07	1.334865e+00
5.480155e-07	1.334847e+00
5.484890e-07	1.334829e+00
5.489625e-07	1.334812e+00
5.494360e-07	1.334794e+00
5.499095e-07	1.334776e+00
5.503830e-07	1.334759e+00
5.508565e-07	1.334741e+00
5.513300e-07	1.334724e+00
5.518035e-07	1.334706e+00
5.522770e-07	1.334689e+00
5.527505e-07	1.334672e+00
5.532240e-07	1.334654e+00
5.536975e-07	1.334637e+00
5.541710e-07	1.334620e+00
5.546445e-07	1.334603e+00
5.551180e-07	1.334585e+00
5.555915e-07	1.334568e+00
5.560650e-07	1.334551e+00
5.565385e-07	1.334534e+00
5.570120e-07	1.334517e+00
5.574855e-07	1.334500e+00
5.579590e-07	1.334483e+00
5.584325e-07	1.334466e+00
5.589060e-07	1.334449e+00
5.593795e-07	1.334433e+00
5.598530e-07	1.334416e+00
5.603265e-07	1.334399e+00
5.608000e-07	1.334382e+00
5.612735e-07	1.334366e+00
5.617470e-07	1.334349e+00
5.622205e-07	1.334332e+00
5.626940e-07	1.334316e+00
5.631675e-07	1.334299e+00
5.636410e-07	1.334283e+00
5.641145e-07	1.334266e+00
5.645880e-07	1.334250e+00
5.650615e-07	1.334233e+00
5.655350e-07	1.334217e+00
5.660085e-07	1.334201e+00
5.664820e-07	1.334184e+00
5.669555e-07	1.334168e+00
5.674290e-07	1.334152e+00
5.679025e-07	1.334136e+00
5.683760e-07	1.334120e+00
5.688495e-07	1.334103e+00
5.693230e-07	1.334087e+00
5.697965e-07	1.334071e+00
5.702700e-07	1.334055e+00
5.707435e-07	1.334039e+00
5.712170e-07	1.334023e+00
5.716905e-07	1.334007e+00
5.721640e-07	1.333992e+00
5.726375e-07	1.333976e+00
5.731110e-07	1.333960e+00
5.735845e-07	1.333944e+00
5.740580e-07	1.333928e+00
5.745315e-07	1.333913e+00
5.750050e-07	1.333897e+00
5.754785e-07	1.333881e+00
5.759520e-07	1.333866e+00
5.764255e-07	1.333850e+00
5.768990e-07	1.333834e+00
5.773725e-07	1.333819e+00
5.778460e-07	1.333803e+00
5.783195e-07	1.333788e+00
5.787930e-07	1.333773e+00
5.792665e-07	1.333757e+00
5.797400e-07	1.333742e+00
5.802135e-07	1.333726e+00
5.806870e-07	1.333711e+00
5.811605e-07	1.333696e+00
5.816340e-07	1.333681e+00
5.821075e-07	1.333665e+00
5.825810e-07	1.333650e+00
5.830545e-07	1.333635e+00
5.835280e-07	1.333620e+00
5.840015e-07	1.333605e+00
5.844750e-07	1.333590e+00
5.849485e-07	1.333575e+00
5.854220e-07	1.333560e+00
5.858955e-07	1.333545e+00
5.863690e-07	1.333530e+00
5.868425e-07	1.333515e+00
5.873160e-07	1.333500e+00
5.877895e-07	1.333485e+00
5.882630e-07	1.333470e+00
5.887365e-07	1.333456e+00
5.892100e-07	1.333441e+00
5.896835e-07	1.333426e+00
5.901570e-07	1.333411e+00
5.906305e-07	1.333397e+00
5.911040e-07	1.333382e+00
5.915775e-07	1.333368e+00
5.920510e-07	1.333353e+00
5.925245e-07	1.333338e+00
5.929980e-07	1.333324e+00
5.934715e-07	1.333309e+00
5.939450e-07	1.333295e+00
5.944185e-07	1.333280e+00
5.948920e-07	1.333266e+00
5.953655e-07	1.333252e+00
5.958390e-07	1.333237e+00
5.963125e-07	1.333223e+00
5.967860e-07	1.333209e+00
5.972595e-07	1.333194e+00
5.977330e-07	1.333180e+00
5.982065e-07	1.333166e+00
5.986800e-07	1.333152e+00
5.991535e-07	1.333138e+00
5.996270e-07	1.333123e+00
6.001005e-07	1.333109e+00
6.005740e-07	1.333095e+00
6.010475e-07	1.333081e+00
6.015210e-07	1.333067e+00
6.019945e-07	1.333053e+00
6.024680e-07	1.333039e+00
6.029415e-07	1.333025e+00
6.034150e-07	1.333011e+00
6.038885e-07	1.332997e+00
6.043620e-07	1.332983e+00
6.048355e-07	1.332970e+00
6.053090e-07	1.332956e+00
6.057825e-07	1.332942e+00
6.062560e-07	1.332928e+00
6.067295e-07	1.332914e+00
6.072030e-07	1.332901e+00
6.076765e-07	1.332887e+00
6.081500e-07	1.332873e+00
6.086235e-07	1.332860e+00
6.090970e-07	1.332846e+00
6.095705e-07	1.332832e+00
6.100440e-07	1.332819e+00
6.105175e-07	1.332805e+00
6.109910e-07	1.332792e+00
6.114645e-07	1.332778e+00
6.119380e-07	1.332765e+00
6.124115e-07	1.332751e+00
6.128850e-07	1.332738e+00
6.133585e-07	1.332725e+00
6.138320e-07	1.332711e+00
6.143055e-07	1.332698e+00
6.147790e-07	1.332684e+00
6.152525e-07	1.332671e+00
6.157260e-07	1.332658e+00
6.161995e-07	1.332645e+00
6.166730e-07	1.332631e+00
6.171465e-07	1.332618e+00
6.176200e-07	1.332605e+00
6.180935e-07	1.332592e+00
6.185670e-07	1.332579e+00
6.190405e-07	1.332566e+00
6.195140e-07	1.332552e+00
6.199875e-07	1.332539e+00
6.204610e-07	1.332526e+00
6.209345e-07	1.332513e+00
6.214080e-07	1.332500e+00
6.218815e-07	1.332487e+00
6.223550e-07	1.332474e+00
6.228285e-07	1.332461e+00
6.233020e-07	1.332449e+00
6.237755e-07	1.332436e+00
6.242490e-07	1.332423e+00
6.247225e-07	1.332410e+00
6.251960e-07	1.332397e+00
6.256695e-07	1.332384e+00
6.261430e-07	1.332372e+00
6.266165e-07	1.332359e+00
6.270900e-07	1.332346e+00
6.275635e-07	1.332333e+00
6.280370e-07	1.332321e+00
6.285105e-07	1.332308e+00
6.289840e-07	1.332295e+00
6.294575e-07	1.332283e+00
6.299310e-07	1.332270e+00
6.304045e-07	1.332258e+00
6.308780e-07	1.332245e+00
6.313515e-07	1.332232e+00
6.318250e-07	1.332220e+00
6.322985e-07	1.332207e+00
6.327720e-07	1.332195e+00
6.332455e-07	1.332182e+00
6.337190e-07	1.332170e+00
6.341925e-07	1.332158e+00
6.346660e-07	1.332145e+00
6.351395e-07	1.332133e+00
6.356130e-07	1.332120e+00
6.360865e-07	1.332108e+00
6.365600e-07	1.332096e+00
6.370335e-07	1.332084e+00
6.375070e-07	1.332071e+00
6.379805e-07	1.332059e+00
6.384540e-07	1.332047e+00
6.389275e-07	1.332035e+00
6.394010e-07	1.332022e+00
6.398745e-07	1.332010e+00
6.403480e-07	1.331998e+00
6.408215e-07	1.331986e+00
6.412950e-07	1.331974e+00
6.417685e-07	1.331962e+00
6.422420e-07	1.331950e+00
6.427155e-07	1.331938e+00
6.431890e-07	1.331926e+00
6.436625e-07	1.331914e+00
6.441360e-07	1.331902e+00
6.446095e-07	1.331890e+00
6.450830e-07	1.331878e+00
6.455565e-07	1.331866e+00
6.460300e-07	1.331854e+00
6.465035e-07	1.331842e+00
6.469770e-07	1.331830e+00
6.474505e-07	1.331818e+00
6.479240e-07	1.331806e+00
6.483975e-07	1.331794e+00
6.488710e-07	1.331783e+00
6.493445e-07	1.331771e+00
6.498180e-07	1.331759e+00
6.502915e-07	1.331747e+00
6.507650e-07	1.331736e+00
6.512385e-07	1.331724e+00
6.517120e-07	1.331712e+00
6.521855e-07	1.331701e+00
6.526590e-07	1.331689e+00
6.531325e-07	1.331677e+00
6.536060e-07	1.331666e+00
6.540795e-07	1.331654e+00
6.545530e-07	1.331642e+00
6.550265e-07	1.331631e+00
6.555000e-07	1.331619e+00
6.559735e-07	1.331608e+00
6.564470e-07	1.331596e+00
6.569205e-07	1.331585e+00
6.573940e-07	1.331573e+00
6.578675e-07	1.331562e+00
6.583410e-07	1.331550e+00
6.588145e-07	1.331539e+00
6.592880e-07	1.331527e+00
6.597615e-07	1.331516e+00
6.602350e-07	1.331505e+00
6.607085e-07	1.331493e+00
6.611820e-07	1.331482e+00
6.616555e-07	1.331471e+00
6.621290e-07	1.331459e+00
6.626025e-07	1.331448e+00
6.630760e-07	1.331437e+00
6.635495e-07	1.331426e+00
6.640230e-07	1.331414e+00
6.644965e-07	1.331403e+00
6.649700e-07	1.331392e+00
6.654435e-07	1.331381e+00
6.659170e-07	1.331369e+00
6.663905e-07	1.331358e+00
6.668640e-07	1.331347e+00
6.673375e-07	1.331336e+00
6.678110e-07	1.331325e+00
6.682845e-07	1.331314e+00
6.687580e-07	1.331303e+00
6.692315e-07	1.331292e+00
6.697050e-07	1.331281e+00
6.701785e-07	1.331270e+00
6.706520e-07	1.331259e+00
6.711255e-07	1.331248e+00
6.715990e-07	1.331237e+00
6.720725e-07	1.331226e+00
6.725460e-07	1.331215e+00
6.730195e-07	1.331204e+00
6.734930e-07	1.331193e+00
6.739665e-07	1.331182e+00
6.744400e-07	1.331171e+00
6.749135e-07	1.331160e+00
6.753870e-07	1.331149e+00
6.758605e-07	1.331138e+00
6.763340e-07	1.331128e+00
6.768075e-07	1.331117e+00
6.772810e-07	1.331106e+00
6.777545e-07	1.331095e+00
6.782280e-07	1.331084e+00
6.787015e-07	1.331074e+00
6.791750e-07	1.331063e+00
6.796485e-07	1.331052e+00
6.801220e-07	1.331042e+00
6.805955e-07	1.331031e+00
6.810690e-07	1.331020e+00
6.815425e-07	1.331009e+00
6.820160e-07	1.330999e+00
6.824895e-07	1.330988e+00
6.829630e-07	1.330978e+00
6.834365e-07	1.330967e+00
6.839100e-07	1.330956e+00
6.843835e-07	1.330946e+00
6.848570e-07	1.330935e+00
6.853305e-07	1.330925e+00
6.858040e-07	1.330914e+00
6.862775e-07	1.330904e+00
6.867510e-07	1.330893e+00
6.872245e-07	1.330883e+00
6.876980e-07	1.330872e+00
6.881715e-07	1.330862e+00
6.886450e-07	1.330851e+00
6.891185e-07	1.330841e+00
6.895920e-07	1.330830e+00
6.900655e-07	1.330820e+00
6.905390e-07	1.330810e+00
6.910125e-07	1.330799e+00
6.914860e-07	1.330789e+00
6.919595e-07	1.330778e+00
6.924330e-07	1.330768e+00
6.929065e-07	1.330758e+00
6.933800e-07	1.330747e+00
6.938535e-07	1.330737e+00
6.943270e-07	1.330727e+00
6.948005e-07	1.330717e+00
6.952740e-07	1.330706e+00
6.957475e-07	1.330696e+00
6.962210e-07	1.330686e+00
6.966945e-07	1.330676e+00
6.971680e-07	1.330665e+00
6.976415e-07	1.330655e+00
6.981150e-07	1.330645e+00
6.985885e-07	1.330635e+00
6.990620e-07	1.330625e+00
6.995355e-07	1.330615e+00
7.000090e-07	1.330604e+00
7.004825e-07	1.330594e+00
7.009560e-07	1.330584e+00
7.014295e-07	1.330574e+00
7.019030e-07	1.330564e+00
7.023765e-07	1.330554e+00
7.028500e-07	1.330544e+00
7.033235e-07	1.330534e+00
7.037970e-07	1.330524e+00
7.042705e-07	1.330514e+00
7.047440e-07	1.330504e+00
7.052175e-07	1.330494e+00
7.056910e-07	1.330484e+00
7.061645e-07	1.330474e+00
7.066380e-07	1.330464e+00
7.071115e-07	1.330454e+00
7.075850e-07	1.330444e+00
7.080585e-07	1.330434e+00
7.085320e-07	1.330424e+00
7.090055e-07	1.330414e+00
7.094790e-07	1.330404e+00
7.099525e-07	1.330395e+00
7.104260e-07	1.330385e+00
7.108995e-07	1.330375e+00
7.113730e-07	1.330365e+00
7.118465e-07	1.330355e+00
7.123200e-07	1.330345e+00
7.127935e-07	1.330336e+00
7.132670e-07	1.330326e+00
7.137405e-07	1.330316e+00
7.142140e-07	1.330306e+00
7.146875e-07	1.330297e+00
7.151610e-07	1.330287e+00
7.156345e-07	1.330277e+00
7.161080e-07	1.330267e+00
7.165815e-07	1.330258e+00
7.170550e-07	1.330248e+00
7.175285e-07	1.330238e+00
7.180020e-07	1.330229e+00
7.184755e-07	1.330219e+00
7.189490e-07	1.330209e+00
7.194225e-07	1.330200e+00
7.198960e-07	1.330190e+00
7.203695e-07	1.330180e+00
7.208430e-07	1.330171e+00
7.213165e-07	1.330161e+00
7.217900e-07	1.330152e+00
7.222635e-07	1.330142e+00
7.227370e-07	1.330132e+00
7.232105e-07	1.330123e+00
7.236840e-07	1.330113e+00
7.241575e-07	1.330104e+00
7.246310e-07	1.330094e+00
7.251045e-07	1.330085e+00
7.255780e-07	1.330075e+00
7.260515e-07	1.330066e+00
7.265250e-07	1.330056e+00
7.269985e-07	1.330047e+00
7.274720e-07	1.330037e+00
7.279455e-07	1.330028e+00
7.284190e-07	1.330019e+00
7.288925e-07	1.330009e+00
7.293660e-07	1.330000e+00
7.298395e-07	1.329990e+00
7.303130e-07	1.329981e+00
7.307865e-07	1.329972e+00
7.312600e-07	1.329962e+00
7.317335e-07	1.329953e+00
7.322070e-07	1.329943e+00
7.326805e-07	1.329934e+00
7.331540e-07	1.329925e+00
7.336275e-07	1.329915e+00
7.341010e-07	1.329906e+00
7.345745e-07	1.329897e+00
7.350480e-07	1.329888e+00
7.355215e-07	1.329878e+00
7.359950e-07	1.329869e+00
7.364685e-07	1.329860e+00
7.369420e-07	1.329850e+00
7.374155e-07	1.329841e+00
7.378890e-07	1.329832e+00
7.383625e-07	1.329823e+00
7.388360e-07	1.329814e+00
7.393095e-07	1.329804e+00
7.397830e-07	1.329795e+00
7.402565e-07	1.329786e+00
7.407300e-07	1.329777e+00
7.412035e-07	1.329768e+00
7.416770e-07	1.329758e+00
7.421505e-07	1.329749e+00
7.426240e-07	1.329740e+00
7.430975e-07	1.329731e+00
7.435710e-07	1.329722e+00
7.440445e-07	1.329713e+00
7.445180e-07	1.329704e+00
7.449915e-07	1.329695e+00
7.454650e-07	1.329686e+00
7.459385e-07	1.329676e+00
7.464120e-07	1.329667e+00
7.468855e-07	1.329658e+00
7.473590e-07	1.329649e+00
7.478325e-07	1.329640e+00
7.483060e-07	1.329631e+00
7.487795e-07	1.329622e+00
7.492530e-07	1.329613e+00
7.497265e-07	1.329604e+00
7.502000e-07	1.329595e+00
7.506735e-07	1.329586e+00
7.511470e-07	1.329577e+00
7.516205e-07	1.329568e+00
7.520940e-07	1.329559e+00
7.525675e-07	1.329550e+00
7.530410e-07	1.329541e+00
7.535145e-07	1.329533e+00
7.539880e-07	1.329524e+00
7.544615e-07	1.329515e+00
7.549350e-07	1.329506e+00
7.554085e-07	1.329497e+00
7.558820e-07	1.329488e+00
7.563555e-07	1.329479e+00
7.568290e-07	1.329470e+00
7.573025e-07	1.329461e+00
7.577760e-07	1.329453e+00
7.582495e-07	1.329444e+00
7.587230e-07	1.329435e+00
7.591965e-07	1.329426e+00
7.596700e-07	1.329417e+00
7.601435e-07	1.329408e+00
7.606170e-07	1.329400e+00
7.610905e-07	1.329391e+00
7.615640e-07	1.329382e+00
7.620375e-07	1.329373e+00
7.625110e-07	1.329365e+00
7.629845e-07	1.329356e+00
7.634580e-07	1.329347e+00
7.639315e-07	1.329338e+00
7.644050e-07	1.329330e+00
7.648785e-07	1.329321e+00
7.653520e-07	1.329312e+00
7.658255e-07	1.329303e+00
7.662990e-07	1.329295e+00
7.667725e-07	1.329286e+00
7.672460e-07	1.329277e+00
7.677195e-07	1.329269e+00
7.681930e-07	1.329260e+00
7.686665e-07	1.329251e+00
7.691400e-07	1.329243e+00
7.696135e-07	1.329234e+00
7.700870e-07	1.329225e+00
7.705605e-07	1.329217e+00
7.710340e-07	1.329208e+00
7.715075e-07	1.329199e+00
7.719810e-07	1.329191e+00
7.724545e-07	1.329182e+00
7.729280e-07	1.329174e+00
7.734015e-07	1.329165e+00
7.738750e-07	1.329156e+00
7.743485e-07	1.329148e+00
7.748220e-07	1.329139e+00
7.752955e-07	1.329131e+00
7.757690e-07	1.329122e+00
7.762425e-07	1.329114e+00
7.767160e-07	1.329105e+00
7.771895e-07	1.329097e+00
7.776630e-07	1.329088e+00
7.781365e-07	1.329080e+00
7.786100e-07	1.329071e+00
7.790835e-07	1.329063e+00
7.795570e-07	1.329054e+00
7.800305e-07	1.329046e+00
7.805040e-07	1.329037e+00
7.809775e-07	1.329029e+00
7.814510e-07	1.329020e+00
7.819245e-07	1.329012e+00
7.823980e-07	1.329003e+00
7.828715e-07	1.328995e+00
7.833450e-07	1.328986e+00
7.838185e-07	1.328978e+00
7.842920e-07	1.328970e+00
7.847655e-07	1.328961e+00
7.852390e-07	1.328953e+00
7.857125e-07	1.328944e+00
7.861860e-07	1.328936e+00
7.866595e-07	1.328928e+00
7.871330e-07	1.328919e+00
7.876065e-07	1.328911e+00
7.880800e-07	1.328902e+00
7.885535e-07	1.328894e+00
7.890270e-07	1.328886e+00
7.895005e-07	1.328877e+00
7.899740e-07	1.328869e+00
7.904475e-07	1.328861e+00
7.909210e-07	1.328852e+00
7.913945e-07	1.328844e+00
7.918680e-07	1.328836e+00
7.923415e-07	1.328827e+00
7.928150e-07	1.328819e+00
7.932885e-07	1.328811e+00
7.937620e-07	1.328803e+00
7.942355e-07	1.328794e+00
7.947090e-07	1.328786e+00
7.951825e-07	1.328778e+00
7.956560e-07	1.328769e+00
7.961295e-07	1.328761e+00
7.966030e-07	1.328753e+00
7.970765e-07	1.328745e+00
7.975500e-07	1.328736e+00
7.980235e-07	1.328728e+00
7.984970e-07	1.328720e+00
7.989705e-07	1.328712e+00
7.994440e-07	1.328704e+00
7.999175e-07	1.328695e+00
8.003910e-07	1.328687e+00
8.008645e-07	1.328679e+00
8.013380e-07	1.328671e+00
8.018115e-07	1.328663e+00
8.022850e-07	1.328654e+00
8.027585e-07	1.328646e+00
8.032320e-07	1.328638e+00
8.037055e-07	1.328630e+00
8.041790e-07	1.328622e+00
8.046525e-07	1.328614e+00
8.051260e-07	1.328606e+00
8.055995e-07	1.328597e+00
8.060730e-07	1.328589e+00
8.065465e-07	1.328581e+00
8.070200e-07	1.328573e+00
8.074935e-07	1.328565e+00
8.079670e-07	1.328557e+00
8.084405e-07	1.328549e+00
8.089140e-07	1.328541e+00
8.093875e-07	1.328533e+00
8.098610e-07	1.328524e+00
8.103345e-07	1.328516e+00
8.108080e-07	1.328508e+00
8.112815e-07	1.328500e+00
8.117550e-07	1.328492e+00
8.122285e-07	1.328484e+00
8.127020e-07	1.328476e+00
8.131755e-07	1.328468e+00
8.136490e-07	1.328460e+00
8.141225e-07	1.328452e+00
8.145960e-07	1.328444e+00
8.150695e-07	1.328436e+00
8.155430e-07	1.328428e+00
8.160165e-07	1.328420e+00
8.164900e-07	1.328412e+00
8.169635e-07	1.328404e+00
8.174370e-07	1.328396e+00
8.179105e-07	1.328388e+00
8.183840e-07	1.328380e+00
8.188575e-07	1.328372e+00
8.193310e-07	1.328364e+00
8.198045e-07	1.328356e+00
8.202780e-07	1.328348e+00
8.207515e-07	1.328340e+00
8.212250e-07	1.328332e+00
8.216985e-07	1.328324e+00
8.221720e-07	1.328316e+00
8.226455e-07	1.328308e+00
8.231190e-07	1.328300e+00
8.235925e-07	1.328292e+00
8.240660e-07	1.328285e+00
8.245395e-07	1.328277e+00
8.250130e-07	1.328269e+00
8.254865e-07	1.328261e+00
8.259600e-07	1.328253e+00
8.264335e-07	1.328245e+00
8.269070e-07	1.328237e+00
8.273805e-07	1.328229e+00
8.278540e-07	1.328221e+00
8.283275e-07	1.328214e+00
8.288010e-07	1.328206e+00
8.292745e-07	1.328198e+00
8.297480e-07	1.328190e+00
8.302215e-07	1.328182e+00
8.306950e-07	1.328174e+00
8.311685e-07	1.328166e+00
8.316420e-07	1.328159e+00
8.321155e-07	1.328151e+00
8.325890e-07	1.328143e+00
8.330625e-07	1.328135e+00
8.335360e-07	1.328127e+00
8.340095e-07	1.328119e+00
8.344830e-07	1.328112e+00
8.349565e-07	1.328104e+00
8.354300e-07	1.328096e+00
8.359035e-07	1.328088e+00
8.363770e-07	1.328080e+00
8.368505e-07	1.328073e+00
8.373240e-07	1.328065e+00
8.377975e-07	1.328057e+00
8.382710e-07	1.328049e+00
8.387445e-07	1.328042e+00
8.392180e-07	1.328034e+00
8.396915e-07	1.328026e+00
8.401650e-07	1.328018e+00
8.406385e-07	1.328010e+00
8.411120e-07	1.328003e+00
8.415855e-07	1.327995e+00
8.420590e-07	1.327987e+00
8.425325e-07	1.327980e+00
8.430060e-07	1.327972e+00
8.434795e-07	1.327964e+00
8.439530e-07	1.327956e+00
8.444265e-07	1.327949e+00
8.449000e-07	1.327941e+00
8.453735e-07	1.327933e+00
8.458470e-07	1.327925e+00
8.463205e-07	1.327918e+00
8.467940e-07	1.327910e+00
8.472675e-07	1.327902e+00
8.477410e-07	1.327895e+00
8.482145e-07	1.327887e+00
8.486880e-07	1.327879e+00
8.491615e-07	1.327872e+00
8.496350e-07	1.327864e+00
8.501085e-07	1.327856e+00
8.505820e-07	1.327849e+00
8.510555e-07	1.327841e+00
8.515290e-07	1.327833e+00
8.520025e-07	1.327826e+00
8.524760e-07	1.327818e+00
8.529495e-07	1.327810e+00
8.534230e-07	1.327803e+00
8.538965e-07	1.327795e+00
8.543700e-07	1.327788e+00
8.548435e-07	1.327780e+00
8.553170e-07	1.327772e+00
8.557905e-07	1.327765e+00
8.562640e-07	1.327757e+00
8.567375e-07	1.327749e+00
8.572110e-07	1.327742e+00
8.576845e-07	1.327734e+00
8.581580e-07	1.327727e+00
8.586315e-07	1.327719e+00
8.591050e-07	1.327711e+00
8.595785e-07	1.327704e+00
8.600520e-07	1.327696e+00
8.605255e-07	1.327689e+00
8.609990e-07	1.327681e+00
8.614725e-07	1.327674e+00
8.619460e-07	1.327666e+00
8.624195e-07	1.327658e+00
8.628930e-07	1.327651e+00
8.633665e-07	1.327643e+00
8.638400e-07	1.327636e+00
8.643135e-07	1.327628e+00
8.647870e-07	1.327621e+00
8.652605e-07	1.327613e+00
8.657340e-07	1.327606e+00
8.662075e-07	1.327598e+00
8.666810e-07	1.327590e+00
8.671545e-07	1.327583e+00
8.676280e-07	1.327575e+00
8.681015e-07	1.327568e+00
8.685750e-07	1.327560e+00
8.690485e-07	1.327553e+00
8.695220e-07	1.327545e+00
8.699955e-07	1.327538e+00
8.704690e-07	1.327530e+00
8.709425e-07	1.327523e+00
8.714160e-07	1.327515e+00
8.718895e-07	1.327508e+00
8.723630e-07	1.327500e+00
8.728365e-07	1.327493e+00
8.733100e-07	1.327485e+00
8.737835e-07	1.327478e+00
8.742570e-07	1.327470e+00
8.747305e-07	1.327463e+00
8.752040e-07	1.327456e+00
8.756775e-07	1.327448e+00
8.761510e-07	1.327441e+00
8.766245e-07	1.327433e+00
8.770980e-07	1.327426e+00
8.775715e-07	1.327418e+00
8.780450e-07	1.327411e+00
8.785185e-07	1.327403e+00
8.789920e-07	1.327396e+00
8.794655e-07	1.327388e+00
8.799390e-07	1.327381e+00
8.804125e-07	1.327374e+00
8.808860e-07	1.327366e+00
8.813595e-07	1.327359e+00
8.818330e-07	1.327351e+00
8.823065e-07	1.327344e+00
8.827800e-07	1.327336e+00
8.832535e-07	1.327329e+00
8.837270e-07	1.327322e+00
8.842005e-07	1.327314e+00
8.846740e-07	1.327307e+00
8.851475e-07	1.327299e+00
8.856210e-07	1.327292e+00
8.860945e-07	1.327285e+00
8.865680e-07	1.327277e+00
8.870415e-07	1.327270e+00
8.875150e-07	1.327262e+00
8.879885e-07	1.327255e+00
8.884620e-07	1.327248e+00
8.889355e-07	1.327240e+00
8.894090e-07	1.327233e+00
8.898825e-07	1.327225e+00
8.903560e-07	1.327218e+00
8.908295e-07	1.327211e+00
8.913030e-07	1.327203e+00
8.917765e-07	1.327196e+00
8.922500e-07	1.327189e+00
8.927235e-07	1.327181e+00
8.931970e-07	1.327174e+00
8.936705e-07	1.327167e+00
8.941440e-07	1.327159e+00
8.946175e-07	1.327152e+00
8.950910e-07	1.327145e+00
8.955645e-07	1.327137e+00
8.960380e-07	1.327130e+00
8.965115e-07	1.327122e+00
8.969850e-07	1.327115e+00
8.974585e-07	1.327108e+00
8.979320e-07	1.327100e+00
8.984055e-07	1.327093e+00
8.988790e-07	1.327086e+00
8.993525e-07	1.327079e+00
8.998260e-07	1.327071e+00
9.002995e-07	1.327064e+00
9.007730e-07	1.327057e+00
9.012465e-07	1.327049e+00
9.017200e-07	1.327042e+00
9.021935e-07	1.327035e+00
9.026670e-07	1.327027e+00
9.031405e-07	1.327020e+00
9.036140e-07	1.327013e+00
9.040875e-07	1.327005e+00
9.045610e-07	1.326998e+00
9.050345e-07	1.326991e+00
9.055080e-07	1.326984e+00
9.059815e-07	1.326976e+00
9.064550e-07	1.326969e+00
9.069285e-07	1.326962e+00
9.074020e-07	1.326954e+00
9.078755e-07	1.326947e+00
9.083490e-07	1.326940e+00
9.088225e-07	1.326933e+00
9.092960e-07	1.326925e+00
9.097695e-07	1.326918e+00
9.102430e-07	1.326911e+00
9.107165e-07	1.326904e+00
9.111900e-07	1.326896e+00
9.116635e-07	1.326889e+00
9.121370e-07	1.326882e+00
9.126105e-07	1.326875e+00
9.130840e-07	1.326867e+00
9.135575e-07	1.326860e+00
9.140310e-07	1.326853e+00
9.145045e-07	1.326846e+00
9.149780e-07	1.326838e+00
9.154515e-07	1.326831e+00
9.159250e-07	1.326824e+00
9.163985e-07	1.326817e+00
9.168720e-07	1.326809e+00
9.173455e-07	1.326802e+00
9.178190e-07	1.326795e+00
9.182925e-07	1.326788e+00
9.187660e-07	1.326780e+00
9.192395e-07	1.326773e+00
9.197130e-07	1.326766e+00
9.201865e-07	1.326759e+00
9.206600e-07	1.326752e+00
9.211335e-07	1.326744e+00
9.216070e-07	1.326737e+00
9.220805e-07	1.326730e+00
9.225540e-07	1.326723e+00
9.230275e-07	1.326715e+00
9.235010e-07	1.326708e+00
9.239745e-07	1.326701e+00
9.244480e-07	1.326694e+00
9.249215e-07	1.326687e+00
9.253950e-07	1.326679e+00
9.258685e-07	1.326672e+00
9.263420e-07	1.326665e+00
9.268155e-07	1.326658e+00
9.272890e-07	1.326651e+00
9.277625e-07	1.326644e+00
9.282360e-07	1.326636e+00
9.287095e-07	1.326629e+00
9.291830e-07	1.326622e+00
9.296565e-07	1.326615e+00
9.301300e-07	1.326608e+00
9.306035e-07	1.326600e+00
9.310770e-07	1.326593e+00
9.315505e-07	1.326586e+00
9.320240e-07	1.326579e+00
9.324975e-07	1.326572e+00
9.329710e-07	1.326565e+00
9.334445e-07	1.326557e+00
9.339180e-07	1.326550e+00
9.343915e-07	1.326543e+00
9.348650e-07	1.326536e+00
9.353385e-07	1.326529e+00
9.358120e-07	1.326522e+00
9.362855e-07	1.326514e+00
9.367590e-07	1.326507e+00
9.372325e-07	1.326500e+00
9.377060e-07	1.326493e+00
9.381795e-07	1.326486e+00
9.386530e-07	1.326479e+00
9.391265e-07	1.326472e+00
9.396000e-07	1.326464e+00
9.400735e-07	1.326457e+00
9.405470e-07	1.326450e+00
9.410205e-07	1.326443e+00
9.414940e-07	1.326436e+00
9.419675e-07	1.326429e+00
9.424410e-07	1.326422e+00
9.429145e-07	1.326414e+00
9.433880e-07	1.326407e+00
9.438615e-07	1.326400e+00
9.443350e-07	1.326393e+00
9.448085e-07	1.326386e+00
9.452820e-07	1.326379e+00
9.457555e-07	1.326372e+00
9.462290e-07	1.326364e+00
9.467025e-07	1.326357e+00
9.471760e-07	1.326350e+00
9.476495e-07	1.326343e+00
9.481230e-07	1.326336e+00
9.485965e-07	1.326329e+00
9.490700e-07	1.326322e+00
9.495435e-07	1.326315e+00
9.500170e-07	1.326308e+00
9.504905e-07	1.326300e+00
9.509640e-07	1.326293e+00
9.514375e-07	1.326286e+00
9.519110e-07	1.326279e+00
9.523845e-07	1.326272e+00
9.528580e-07	1.326265e+00
9.533315e-07	1.326258e+00
9.538050e-07	1.326251e+00
9.542785e-07	1.326244e+00
9.547520e-07	1.326236e+00
9.552255e-07	1.326229e+00
9.556990e-07	1.326222e+00
9.561725e-07	1.326215e+00
9.566460e-07	1.326208e+00
9.571195e-07	1.326201e+00
9.575930e-07	1.326194e+00
9.580665e-07	1.326187e+00
9.585400e-07	1.326180e+00
9.590135e-07	1.326173e+00
9.594870e-07	1.326166e+00
9.599605e-07	1.326158e+00
9.604340e-07	1.326151e+00
9.609075e-07	1.326144e+00
9.613810e-07	1.326137e+00
9.618545e-07	1.326130e+00
9.623280e-07	1.326123e+00
9.628015e-07	1.326116e+00
9.632750e-07	1.326109e+00
9.637485e-07	1.326102e+00
9.642220e-07	1.326095e+00
9.646955e-07	1.326088e+00
9.651690e-07	1.326081e+00
9.656425e-07	1.326074e+00
9.661160e-07	1.326066e+00
9.665895e-07	1.326059e+00
9.670630e-07	1.326052e+00
9.675365e-07	1.326045e+00
9.680100e-07	1.326038e+00
9.684835e-07	1.326031e+00
9.689570e-07	1.326024e+00
9.694305e-07	1.326017e+00
9.699040e-07	1.326010e+00
9.703775e-07	1.326003e+00
9.708510e-07	1.325996e+00
9.713245e-07	1.325989e+00
9.717980e-07	1.325982e+00
9.722715e-07	1.325975e+00
9.727450e-07	1.325968e+00
9.732185e-07	1.325960e+00
9.736920e-07	1.325953e+00
9.741655e-07	1.325946e+00
9.746390e-07	1.325939e+00
9.751125e-07	1.325932e+00
9.755860e-07	1.325925e+00
9.760595e-07	1.325918e+00
9.765330e-07	1.325911e+00
9.770065e-07	1.325904e+00
9.774800e-07	1.325897e+00
9.779535e-07	1.325890e+00
9.784270e-07	1.325883e+00
9.789005e-07	1.325876e+00
9.793740e-07	1.325869e+00
9.798475e-07	1.325862e+00
9.803210e-07	1.325855e+00
9.807945e-07	1.325848e+00
9.812680e-07	1.325841e+00
9.817415e-07	1.325834e+00
9.822150e-07	1.325827e+00
9.826885e-07	1.325819e+00
9.831620e-07	1.325812e+00
9.836355e-07	1.325805e+00
9.841090e-07	1.325798e+00
9.845825e-07	1.325791e+00
9.850560e-07	1.325784e+00
9.855295e-07	1.325777e+00
9.860030e-07	1.325770e+00
9.864765e-07	1.325763e+00
9.869500e-07	1.325756e+00
9.874235e-07	1.325749e+00
9.878970e-07	1.325742e+00
9.883705e-07	1.325735e+00
9.888440e-07	1.325728e+00
9.893175e-07	1.325721e+00
9.897910e-07	1.325714e+00
9.902645e-07	1.325707e+00
9.907380e-07	1.325700e+00
9.912115e-07	1.325693e+00
9.916850e-07	1.325686e+00
9.921585e-07	1.325679e+00
9.926320e-07	1.325672e+00
9.931055e-07	1.325665e+00
9.935790e-07	1.325658e+00
9.940525e-07	1.325651e+00
9.945260e-07	1.325644e+00
9.949995e-07	1.325637e+00
9.954730e-07	1.325630e+00
9.959465e-07	1.325623e+00
9.964200e-07	1.325615e+00
9.968935e-07	1.325608e+00
9.973670e-07	1.325601e+00
9.978405e-07	1.325594e+00
9.983140e-07	1.325587e+00
9.987875e-07	1.325580e+00
9.992610e-07	1.325573e+00
9.997345e-07	1.325566e+00
1.000208e-06	1.325559e+00
1.000682e-06	1.325552e+00
1.001155e-06	1.325545e+00
1.001629e-06	1.325538e+00
1.002102e-06	1.325531e+00
1.002576e-06	1.325524e+00
1.003049e-06	1.325517e+00
1.003523e-06	1.325510e+00
1.003996e-06	1.325503e+00
1.004470e-06	1.325496e+00
1.004943e-06	1.325489e+00
1.005417e-06	1.325482e+00
1.005890e-06	1.325475e+00
1.006364e-06	1.325468e+00
1.006837e-06	1.325461e+00
1.007311e-06	1.325454e+00
1.007784e-06	1.325447e+00
1.008258e-06	1.325440e+00
1.008731e-06	1.325433e+00
1.009205e-06	1.325426e+00
1.009678e-06	1.325419e+00
1.010152e-06	1.325412e+00
1.010625e-06	1.325405e+00
1.011099e-06	1.325398e+00
1.011572e-06	1.325391e+00
1.012046e-06	1.325384e+00
1.012519e-06	1.325377e+00
1.012993e-06	1.325370e+00
1.013466e-06	1.325363e+00
1.013940e-06	1.325356e+00
1.014413e-06	1.325349e+00
1.014887e-06	1.325342e+00
1.015360e-06	1.325335e+00
1.015834e-06	1.325328e+00
1.016307e-06	1.325321e+00
1.016781e-06	1.325314e+00
1.017254e-06	1.325307e+00
1.017728e-06	1.325300e+00
1.018201e-06	1.325293e+00
1.018675e-06	1.325286e+00
1.019148e-06	1.325279e+00
1.019622e-06	1.325272e+00
1.020095e-06	1.325265e+00
1.020569e-06	1.325258e+00
1.021042e-06	1.325251e+00
1.021516e-06	1.325244e+00
1.021989e-06	1.325237e+00
1.022463e-06	1.325230e+00
1.022936e-06	1.325223e+00
1.023410e-06	1.325215e+00
1.023883e-06	1.325208e+00
1.024357e-06	1.325201e+00
1.024830e-06	1.325194e+00
1.025304e-06	1.325187e+00
1.025777e-06	1.325180e+00
1.026251e-06	1.325173e+00
1.026724e-06	1.325166e+00
1.027198e-06	1.325159e+00
1.027671e-06	1.325152e+00
1.028145e-06	1.325145e+00
1.028618e-06	1.325138e+00
1.029092e-06	1.325131e+00
1.029565e-06	1.325124e+00
1.030039e-06	1.325117e+00
1.030512e-06	1.325110e+00
1.030986e-06	1.325103e+00
1.031459e-06	1.325096e+00
1.031933e-06	1.325089e+00
1.032406e-06	1.325082e+00
1.032880e-06	1.325075e+00
1.033353e-06	1.325068e+00
1.033827e-06	1.325061e+00
1.034300e-06	1.325054e+00
1.034774e-06	1.325047e+00
1.035247e-06	1.325040e+00
1.035721e-06	1.325033e+00
1.036194e-06	1.325026e+00
1.036668e-06	1.325019e+00
1.037141e-06	1.325012e+00
1.037615e-06	1.325005e+00
1.038088e-06	1.324998e+00
1.038562e-06	1.324991e+00
1.039035e-06	1.324984e+00
1.039509e-06	1.324977e+00
1.039982e-06	1.324970e+00
1.040456e-06	1.324963e+00
1.040929e-06	1.324956e+00
1.041403e-06	1.324949e+00
1.041876e-06	1.324942e+00
1.042350e-06	1.324935e+00
1.042823e-06	1.324928e+00
1.043297e-06	1.324921e+00
1.043770e-06	1.324914e+00
1.044244e-06	1.324907e+00
1.044717e-06	1.324900e+00
1.045191e-06	1.324893e+00
1.045664e-06	1.324886e+00
1.046138e-06	1.324879e+00
1.046611e-06	1.324872e+00
1.047085e-06	1.324865e+00
1.047558e-06	1.324858e+00
1.048032e-06	1.324851e+00
1.048505e-06	1.324844e+00
1.048979e-06	1.324837e+00
1.049452e-06	1.324830e+00
1.049926e-06	1.324823e+00
1.050399e-06	1.324815e+00
1.050873e-06	1.324808e+00
1.051346e-06	1.324801e+00
1.051820e-06	1.324794e+00
1.052293e-06	1.324787e+00
1.052767e-06	1.324780e+00
1.053240e-06	1.324773e+00
1.053714e-06	1.324766e+00
1.054187e-06	1.324759e+00
1.054661e-06	1.324752e+00
1.055134e-06	1.324745e+00
1.055608e-06	1.324738e+00
1.056081e-06	1.324731e+00
1.056555e-06	1.324724e+00
1.057028e-06	1.324717e+00
1.057502e-06	1.324710e+00
1.057975e-06	1.324703e+00
1.058449e-06	1.324696e+00
1.058922e-06	1.324689e+00
1.059396e-06	1.324682e+00
1.059869e-06	1.324675e+00
1.060343e-06	1.324668e+00
1.060816e-06	1.324661e+00
1.061290e-06	1.324654e+00
1.061763e-06	1.324647e+00
1.062237e-06	1.324640e+00
1.062710e-06	1.324633e+00
1.063184e-06	1.324626e+00
1.063657e-06	1.324619e+00
1.064131e-06	1.324612e+00
1.064604e-06	1.324604e+00
1.065078e-06	1.324597e+00
1.065551e-06	1.324590e+00
1.066025e-06	1.324583e+00
1.066498e-06	1.324576e+00
1.066972e-06	1.324569e+00
1.067445e-06	1.324562e+00
1.067919e-06	1.324555e+00
1.068392e-06	1.324548e+00
1.068866e-06	1.324541e+00
1.069339e-06	1.324534e+00
1.069813e-06	1.324527e+00
1.070286e-06	1.324520e+00
1.070760e-06	1.324513e+00
1.071233e-06	1.324506e+00
1.071707e-06	1.324499e+00
1.072180e-06	1.324492e+00
1.072654e-06	1.324485e+00
1.073127e-06	1.324478e+00
1.073601e-06	1.324471e+00
1.074074e-06	1.324464e+00
1.074548e-06	1.324456e+00
1.075021e-06	1.324449e+00
1.075495e-06	1.324442e+00
1.075968e-06	1.324435e+00
1.076442e-06	1.324428e+00
1.076915e-06	1.324421e+00
1.077389e-06	1.324414e+00
1.077862e-06	1.324407e+00
1.078336e-06	1.324400e+00
1.078809e-06	1.324393e+00
1.079283e-06	1.324386e+00
1.079756e-06	1.324379e+00
1.080230e-06	1.324372e+00
1.080703e-06	1.324365e+00
1.081177e-06	1.324358e+00
1.081650e-06	1.324351e+00
1.082124e-06	1.324343e+00
1.082597e-06	1.324336e+00
1.083071e-06	1.324329e+00
1.083544e-06	1.324322e+00
1.084018e-06	1.324315e+00
1.084491e-06	1.324308e+00
1.084965e-06	1.324301e+00
1.085438e-06	1.324294e+00
1.085912e-06	1.324287e+00
1.086385e-06	1.324280e+00
1.086859e-06	1.324273e+00
1.087332e-06	1.324266e+00
1.087806e-06	1.324259e+00
1.088279e-06	1.324251e+00
1.088753e-06	1.324244e+00
1.089226e-06	1.324237e+00
1.089700e-06	1.324230e+00
1.090173e-06	1.324223e+00
1.090647e-06	1.324216e+00
1.091120e-06	1.324209e+00
1.091594e-06	1.324202e+00
1.092067e-06	1.324195e+00
1.092541e-06	1.324188e+00
1.093014e-06	1.324181e+00
1.093488e-06	1.324173e+00
1.093961e-06	1.324166e+00
1.094435e-06	1.324159e+00
1.094908e-06	1.324152e+00
1.095382e-06	1.324145e+00
1.095855e-06	1.324138e+00
1.096329e-06	1.324131e+00
1.096802e-06	1.324124e+00
1.097276e-06	1.324117e+00
1.097749e-06	1.324110e+00
1.098223e-06	1.324103e+00
1.098696e-06	1.324095e+00
1.099170e-06	1.324088e+00
1.099643e-06	1.324081e+00
1.100117e-06	1.324074e+00
1.100590e-06	1.324067e+00
1.101064e-06	1.324060e+00
1.101537e-06	1.324053e+00
1.102011e-06	1.324046e+00
1.102484e-06	1.324039e+00
1.102958e-06	1.324031e+00
1.103431e-06	1.324024e+00
1.103905e-06	1.324017e+00
1.104378e-06	1.324010e+00
1.104852e-06	1.324003e+00
1.105325e-06	1.323996e+00
1.105799e-06	1.323989e+00
1.106272e-06	1.323982e+00
1.106746e-06	1.323974e+00
1.107219e-06	1.323967e+00
1.107693e-06	1.323960e+00
1.108166e-06	1.323953e+00
1.108640e-06	1.323946e+00
1.109113e-06	1.323939e+00
1.109587e-06	1.323932e+00
1.110060e-06	1.323925e+00
1.110534e-06	1.323917e+00
1.111007e-06	1.323910e+00
1.111481e-06	1.323903e+00
1.111954e-06	1.323896e+00
1.112428e-06	1.323889e+00
1.112901e-06	1.323882e+00
1.113375e-06	1.323875e+00
1.113848e-06	1.323868e+00
1.114322e-06	1.323860e+00
1.114795e-06	1.323853e+00
1.115269e-06	1.323846e+00
1.115742e-06	1.323839e+00
1.116216e-06	1.323832e+00
1.116689e-06	1.323825e+00
1.117163e-06	1.323817e+00
1.117636e-06	1.323810e+00
1.118110e-06	1.323803e+00
1.118583e-06	1.323796e+00
1.119057e-06	1.323789e+00
1.119530e-06	1.323782e+00
1.120004e-06	1.323775e+00
1.120477e-06	1.323767e+00
1.120951e-06	1.323760e+00
1.121424e-06	1.323753e+00
1.121898e-06	1.323746e+00
1.122371e-06	1.323739e+00
1.122845e-06	1.323732e+00
1.123318e-06	1.323724e+00
1.123792e-06	1.323717e+00
1.124265e-06	1.323710e+00
1.124739e-06	1.323703e+00
1.125212e-06	1.323696e+00
1.125686e-06	1.323689e+00
1.126159e-06	1.323681e+00
1.126633e-06	1.323674e+00
1.127106e-06	1.323667e+00
1.127580e-06	1.323660e+00
1.128053e-06	1.323653e+00
1.128527e-06	1.323645e+00