#oghma_csv {"title":"Absorption","type":"xy","y_label":"Wavelength","data_label":"Absorption","y_units":"nm","y_mul":1000000000.0,"data_units":"m^{-1}","icon":"mat_file","time ":0.0,"Vexternal":0.0,"x_len":1,"y_len":1132,"z_len":1,"cols":"yd"}*
5.000000e-07	4.759986e-02
5.010000e-07	5.049996e-02
5.020000e-07	4.699994e-02
5.030000e-07	4.889988e-02
5.040000e-07	4.729988e-02
5.050000e-07	4.539989e-02
5.060000e-07	4.740001e-02
5.070000e-07	5.159990e-02
5.080000e-07	5.190006e-02
5.090000e-07	5.519990e-02
5.100000e-07	5.719985e-02
5.110000e-07	5.739998e-02
5.120000e-07	6.040001e-02
5.130000e-07	6.149996e-02
5.140000e-07	5.880005e-02
5.150000e-07	6.019994e-02
5.160000e-07	6.039987e-02
5.170000e-07	6.180000e-02
5.180000e-07	6.130006e-02
5.190000e-07	6.199985e-02
5.200000e-07	6.379989e-02
5.210000e-07	6.329996e-02
5.220000e-07	6.469990e-02
5.230000e-07	6.400001e-02
5.240000e-07	5.960004e-02
5.250000e-07	6.110004e-02
5.260000e-07	6.330005e-02
5.270000e-07	5.929987e-02
5.280000e-07	6.149996e-02
5.290000e-07	6.499991e-02
5.300000e-07	6.400000e-02
5.310000e-07	6.390006e-02
5.320000e-07	6.269999e-02
5.330000e-07	6.909989e-02
5.340000e-07	6.349989e-02
5.350000e-07	6.460002e-02
5.360000e-07	6.669994e-02
5.370000e-07	6.240005e-02
5.380000e-07	6.399991e-02
5.390000e-07	6.529984e-02
5.400000e-07	6.760004e-02
5.410000e-07	6.760005e-02
5.420000e-07	6.659985e-02
5.430000e-07	6.980000e-02
5.440000e-07	7.540001e-02
5.450000e-07	7.749985e-02
5.460000e-07	7.359997e-02
5.470000e-07	7.880004e-02
5.480000e-07	7.949988e-02
5.490000e-07	8.349991e-02
5.500000e-07	8.669989e-02
5.510000e-07	8.349993e-02
5.520000e-07	8.379986e-02
5.530000e-07	8.229989e-02
5.540000e-07	8.330000e-02
5.550000e-07	8.439998e-02
5.560000e-07	8.529982e-02
5.570000e-07	8.500003e-02
5.580000e-07	8.859982e-02
5.590000e-07	8.519992e-02
5.600000e-07	8.780004e-02
5.610000e-07	8.639988e-02
5.620000e-07	8.819997e-02
5.630000e-07	8.709983e-02
5.640000e-07	8.749997e-02
5.650000e-07	8.979988e-02
5.660000e-07	8.560000e-02
5.670000e-07	8.909992e-02
5.680000e-07	9.229991e-02
5.690000e-07	9.339986e-02
5.700000e-07	9.409999e-02
5.710000e-07	9.410003e-02
5.720000e-07	9.640002e-02
5.730000e-07	9.929990e-02
5.740000e-07	1.019999e-01
5.750000e-07	1.039999e-01
5.760000e-07	1.050000e-01
5.770000e-07	1.090000e-01
5.780000e-07	1.079998e-01
5.790000e-07	1.119999e-01
5.800000e-07	1.170000e-01
5.810000e-07	1.219999e-01
5.820000e-07	1.269999e-01
5.830000e-07	1.289998e-01
5.840000e-07	1.309998e-01
5.850000e-07	1.399998e-01
5.860000e-07	1.419999e-01
5.870000e-07	1.450000e-01
5.880000e-07	1.529999e-01
5.890000e-07	1.569999e-01
5.900000e-07	1.639999e-01
5.910000e-07	1.719999e-01
5.920000e-07	1.769999e-01
5.930000e-07	1.819999e-01
5.940000e-07	1.869999e-01
5.950000e-07	1.929999e-01
5.960000e-07	2.049999e-01
5.970000e-07	2.199997e-01
5.980000e-07	2.279996e-01
5.990000e-07	2.400007e-01
6.000000e-07	2.609991e-01
6.010000e-07	2.720000e-01
6.020000e-07	2.760007e-01
6.030000e-07	2.850000e-01
6.040000e-07	2.869999e-01
6.050000e-07	2.909995e-01
6.060000e-07	2.979990e-01
6.070000e-07	2.959989e-01
6.080000e-07	2.970001e-01
6.090000e-07	2.989989e-01
6.100000e-07	3.009993e-01
6.110000e-07	3.029994e-01
6.120000e-07	3.019992e-01
6.130000e-07	3.010002e-01
6.140000e-07	3.039995e-01
6.150000e-07	3.069992e-01
6.160000e-07	3.039998e-01
6.170000e-07	3.080001e-01
6.180000e-07	3.079999e-01
6.190000e-07	3.099993e-01
6.200000e-07	3.109992e-01
6.210000e-07	3.129995e-01
6.220000e-07	3.139994e-01
6.230000e-07	3.169990e-01
6.240000e-07	3.159996e-01
6.250000e-07	3.179993e-01
6.260000e-07	3.189989e-01
6.270000e-07	3.189992e-01
6.280000e-07	3.229995e-01
6.290000e-07	3.249992e-01
6.300000e-07	3.259993e-01
6.310000e-07	3.260005e-01
6.320000e-07	3.279999e-01
6.330000e-07	3.290004e-01
6.340000e-07	3.319997e-01
6.350000e-07	3.319993e-01
6.360000e-07	3.319989e-01
6.370000e-07	3.369994e-01
6.380000e-07	3.379996e-01
6.390000e-07	3.370007e-01
6.400000e-07	3.410000e-01
6.410000e-07	3.399994e-01
6.420000e-07	3.439992e-01
6.430000e-07	3.450003e-01
6.440000e-07	3.480004e-01
6.450000e-07	3.490000e-01
6.460000e-07	3.469988e-01
6.470000e-07	3.530001e-01
6.480000e-07	3.560003e-01
6.490000e-07	3.609992e-01
6.500000e-07	3.620001e-01
6.510000e-07	3.649997e-01
6.520000e-07	3.690000e-01
6.530000e-07	3.729996e-01
6.540000e-07	3.789987e-01
6.550000e-07	3.849987e-01
6.560000e-07	3.889997e-01
6.570000e-07	3.979998e-01
6.580000e-07	4.049997e-01
6.590000e-07	4.069994e-01
6.600000e-07	4.150002e-01
6.610000e-07	4.159997e-01
6.620000e-07	4.180004e-01
6.630000e-07	4.240000e-01
6.640000e-07	4.280000e-01
6.650000e-07	4.269992e-01
6.660000e-07	4.259996e-01
6.670000e-07	4.270000e-01
6.680000e-07	4.309998e-01
6.690000e-07	4.309999e-01
6.700000e-07	4.309999e-01
6.710000e-07	4.309999e-01
6.720000e-07	4.329990e-01
6.730000e-07	4.349996e-01
6.740000e-07	4.329987e-01
6.750000e-07	4.359987e-01
6.760000e-07	4.409993e-01
6.770000e-07	4.419999e-01
6.780000e-07	4.460001e-01
6.790000e-07	4.469997e-01
6.800000e-07	4.509993e-01
6.810000e-07	4.539999e-01
6.820000e-07	4.579996e-01
6.830000e-07	4.609996e-01
6.840000e-07	4.659988e-01
6.850000e-07	4.679988e-01
6.860000e-07	4.710004e-01
6.870000e-07	4.809989e-01
6.880000e-07	4.860003e-01
6.890000e-07	4.949997e-01
6.900000e-07	5.019988e-01
6.910000e-07	5.109998e-01
6.920000e-07	5.170004e-01
6.930000e-07	5.250000e-01
6.940000e-07	5.359987e-01
6.950000e-07	5.470001e-01
6.960000e-07	5.579987e-01
6.970000e-07	5.709995e-01
6.980000e-07	5.829999e-01
6.990000e-07	5.959996e-01
7.000000e-07	6.099998e-01
7.010000e-07	6.269986e-01
7.020000e-07	6.419996e-01
7.030000e-07	6.580000e-01
7.040000e-07	6.739996e-01
7.050000e-07	6.969998e-01
7.060000e-07	7.149992e-01
7.070000e-07	7.370001e-01
7.080000e-07	7.609996e-01
7.090000e-07	7.860001e-01
7.100000e-07	8.139992e-01
7.110000e-07	8.459988e-01
7.120000e-07	8.789992e-01
7.130000e-07	9.109994e-01
7.140000e-07	9.489995e-01
7.150000e-07	9.859988e-01
7.160000e-07	1.029999e+00
7.170000e-07	1.079999e+00
7.180000e-07	1.129999e+00
7.190000e-07	1.170000e+00
7.200000e-07	1.220000e+00
7.210000e-07	1.269999e+00
7.220000e-07	1.330000e+00
7.230000e-07	1.379998e+00
7.240000e-07	1.449998e+00
7.250000e-07	1.509998e+00
7.260000e-07	1.579998e+00
7.270000e-07	1.649999e+00
7.280000e-07	1.739992e+00
7.290000e-07	1.830000e+00
7.300000e-07	1.920002e+00
7.310000e-07	2.029991e+00
7.320000e-07	2.129998e+00
7.330000e-07	2.240001e+00
7.340000e-07	2.339997e+00
7.350000e-07	2.419990e+00
7.360000e-07	2.500006e+00
7.370000e-07	2.559991e+00
7.380000e-07	2.610006e+00
7.390000e-07	2.650006e+00
7.400000e-07	2.679997e+00
7.410000e-07	2.709992e+00
7.420000e-07	2.719990e+00
7.430000e-07	2.729995e+00
7.440000e-07	2.739990e+00
7.450000e-07	2.749992e+00
7.460000e-07	2.749995e+00
7.470000e-07	2.759990e+00
7.480000e-07	2.759996e+00
7.490000e-07	2.760002e+00
7.500000e-07	2.759992e+00
7.510000e-07	2.759998e+00
7.520000e-07	2.769997e+00
7.530000e-07	2.769990e+00
7.540000e-07	2.769999e+00
7.550000e-07	2.769992e+00
7.560000e-07	2.770001e+00
7.570000e-07	2.769994e+00
7.580000e-07	2.770004e+00
7.590000e-07	2.769997e+00
7.600000e-07	2.760003e+00
7.610000e-07	2.759992e+00
7.620000e-07	2.759998e+00
7.630000e-07	2.760004e+00
7.640000e-07	2.749993e+00
7.650000e-07	2.749996e+00
7.660000e-07	2.739991e+00
7.670000e-07	2.739991e+00
7.680000e-07	2.729993e+00
7.690000e-07	2.720004e+00
7.700000e-07	2.709993e+00
7.710000e-07	2.699991e+00
7.720000e-07	2.689999e+00
7.730000e-07	2.680000e+00
7.740000e-07	2.659993e+00
7.750000e-07	2.649994e+00
7.760000e-07	2.629997e+00
7.770000e-07	2.619997e+00
7.780000e-07	2.599993e+00
7.790000e-07	2.589993e+00
7.800000e-07	2.569998e+00
7.810000e-07	2.550006e+00
7.820000e-07	2.530000e+00
7.830000e-07	2.509998e+00
7.840000e-07	2.489999e+00
7.850000e-07	2.470002e+00
7.860000e-07	2.449993e+00
7.870000e-07	2.430002e+00
7.880000e-07	2.399999e+00
7.890000e-07	2.379995e+00
7.900000e-07	2.359994e+00
7.910000e-07	2.339996e+00
7.920000e-07	2.320001e+00
7.930000e-07	2.289993e+00
7.940000e-07	2.270001e+00
7.950000e-07	2.249995e+00
7.960000e-07	2.229992e+00
7.970000e-07	2.209992e+00
7.980000e-07	2.189995e+00
7.990000e-07	2.170001e+00
8.000000e-07	2.160000e+00
8.010000e-07	2.139999e+00
8.020000e-07	2.129998e+00
8.030000e-07	2.120006e+00
8.040000e-07	2.109992e+00
8.050000e-07	2.100003e+00
8.060000e-07	2.089991e+00
8.070000e-07	2.090002e+00
8.080000e-07	2.089997e+00
8.090000e-07	2.089992e+00
8.100000e-07	2.090003e+00
8.110000e-07	2.099992e+00
8.120000e-07	2.110003e+00
8.130000e-07	2.120005e+00
8.140000e-07	2.129998e+00
8.150000e-07	2.150004e+00
8.160000e-07	2.169992e+00
8.170000e-07	2.189992e+00
8.180000e-07	2.210005e+00
8.190000e-07	2.240004e+00
8.200000e-07	2.279997e+00
8.210000e-07	2.320001e+00
8.220000e-07	2.359999e+00
8.230000e-07	2.419994e+00
8.240000e-07	2.490000e+00
8.250000e-07	2.580003e+00
8.260000e-07	2.670002e+00
8.270000e-07	2.779992e+00
8.280000e-07	2.890005e+00
8.290000e-07	3.009999e+00
8.300000e-07	3.129993e+00
8.310000e-07	3.249999e+00
8.320000e-07	3.359991e+00
8.330000e-07	3.460003e+00
8.340000e-07	3.549997e+00
8.350000e-07	3.620000e+00
8.360000e-07	3.679989e+00
8.370000e-07	3.730002e+00
8.380000e-07	3.769998e+00
8.390000e-07	3.810004e+00
8.400000e-07	3.839995e+00
8.410000e-07	3.869991e+00
8.420000e-07	3.900004e+00
8.430000e-07	3.929991e+00
8.440000e-07	3.959997e+00
8.450000e-07	3.989990e+00
8.460000e-07	4.020002e+00
8.470000e-07	4.050003e+00
8.480000e-07	4.079992e+00
8.490000e-07	4.109999e+00
8.500000e-07	4.139995e+00
8.510000e-07	4.169994e+00
8.520000e-07	4.199996e+00
8.530000e-07	4.219999e+00
8.540000e-07	4.249990e+00
8.550000e-07	4.279999e+00
8.560000e-07	4.309997e+00
8.570000e-07	4.339998e+00
8.580000e-07	4.360000e+00
8.590000e-07	4.389990e+00
8.600000e-07	4.410003e+00
8.610000e-07	4.439997e+00
8.620000e-07	4.469994e+00
8.630000e-07	4.499995e+00
8.640000e-07	4.529998e+00
8.650000e-07	4.559991e+00
8.660000e-07	4.590001e+00
8.670000e-07	4.630001e+00
8.680000e-07	4.659991e+00
8.690000e-07	4.699992e+00
8.700000e-07	4.740002e+00
8.710000e-07	4.779992e+00
8.720000e-07	4.819992e+00
8.730000e-07	4.869990e+00
8.740000e-07	4.909996e+00
8.750000e-07	4.959993e+00
8.760000e-07	5.009990e+00
8.770000e-07	5.060002e+00
8.780000e-07	5.110000e+00
8.790000e-07	5.169992e+00
8.800000e-07	5.219995e+00
8.810000e-07	5.279996e+00
8.820000e-07	5.339991e+00
8.830000e-07	5.399991e+00
8.840000e-07	5.449991e+00
8.850000e-07	5.510001e+00
8.860000e-07	5.569989e+00
8.870000e-07	5.629998e+00
8.880000e-07	5.679995e+00
8.890000e-07	5.739999e+00
8.900000e-07	5.799996e+00
8.910000e-07	5.850000e+00
8.920000e-07	5.909993e+00
8.930000e-07	5.960001e+00
8.940000e-07	6.019989e+00
8.950000e-07	6.070001e+00
8.960000e-07	6.129999e+00
8.970000e-07	6.189990e+00
8.980000e-07	6.239995e+00
8.990000e-07	6.299996e+00
9.000000e-07	6.359988e+00
9.010000e-07	6.420001e+00
9.020000e-07	6.479993e+00
9.030000e-07	6.549996e+00
9.040000e-07	6.609989e+00
9.050000e-07	6.679999e+00
9.060000e-07	6.749994e+00
9.070000e-07	6.829990e+00
9.080000e-07	6.909989e+00
9.090000e-07	6.999988e+00
9.100000e-07	7.089996e+00
9.110000e-07	7.179999e+00
9.120000e-07	7.289991e+00
9.130000e-07	7.409996e+00
9.140000e-07	7.529999e+00
9.150000e-07	7.669998e+00
9.160000e-07	7.819994e+00
9.170000e-07	8.119993e+00
9.180000e-07	8.299999e+00
9.190000e-07	8.509996e+00
9.200000e-07	8.719988e+00
9.210000e-07	8.969993e+00
9.220000e-07	9.269994e+00
9.230000e-07	9.559991e+00
9.240000e-07	9.889997e+00
9.250000e-07	1.019999e+01
9.260000e-07	1.060000e+01
9.270000e-07	1.099998e+01
9.280000e-07	1.149999e+01
9.290000e-07	1.189999e+01
9.300000e-07	1.239998e+01
9.310000e-07	1.299999e+01
9.320000e-07	1.349994e+01
9.330000e-07	1.410005e+01
9.340000e-07	1.459998e+01
9.350000e-07	1.530005e+01
9.360000e-07	1.589994e+01
9.370000e-07	1.659993e+01
9.380000e-07	1.730005e+01
9.390000e-07	1.800001e+01
9.400000e-07	1.879994e+01
9.410000e-07	1.960005e+01
9.420000e-07	2.039992e+01
9.430000e-07	2.130005e+01
9.440000e-07	2.219999e+01
9.450000e-07	2.320003e+01
9.460000e-07	2.419994e+01
9.470000e-07	2.529992e+01
9.480000e-07	2.650004e+01
9.490000e-07	2.779999e+01
9.500000e-07	2.919999e+01
9.510000e-07	3.069997e+01
9.520000e-07	3.230003e+01
9.530000e-07	3.390003e+01
9.540000e-07	3.549997e+01
9.550000e-07	3.709997e+01
9.560000e-07	3.869992e+01
9.570000e-07	4.009995e+01
9.580000e-07	4.139999e+01
9.590000e-07	4.249998e+01
9.600000e-07	4.340002e+01
9.610000e-07	4.419998e+01
9.620000e-07	4.479999e+01
9.630000e-07	4.529997e+01
9.640000e-07	4.569997e+01
9.650000e-07	4.609992e+01
9.660000e-07	4.630001e+01
9.670000e-07	4.660001e+01
9.680000e-07	4.679995e+01
9.690000e-07	4.700000e+01
9.700000e-07	4.719990e+01
9.710000e-07	4.729999e+01
9.720000e-07	4.740000e+01
9.730000e-07	4.749994e+01
9.740000e-07	4.759993e+01
9.750000e-07	4.759995e+01
9.760000e-07	4.759998e+01
9.770000e-07	4.760001e+01
9.780000e-07	4.749994e+01
9.790000e-07	4.739995e+01
9.800000e-07	4.729991e+01
9.810000e-07	4.710002e+01
9.820000e-07	4.699998e+01
9.830000e-07	4.669994e+01
9.840000e-07	4.650000e+01
9.850000e-07	4.619994e+01
9.860000e-07	4.589997e+01
9.870000e-07	4.559997e+01
9.880000e-07	4.529995e+01
9.890000e-07	4.490002e+01
9.900000e-07	4.459992e+01
9.910000e-07	4.419998e+01
9.920000e-07	4.379997e+01
9.930000e-07	4.340001e+01
9.940000e-07	4.299996e+01
9.950000e-07	4.249993e+01
9.960000e-07	4.199990e+01
9.970000e-07	4.159995e+01
9.980000e-07	4.109993e+01
9.990000e-07	4.059991e+01
1.000000e-06	4.010001e+01
1.001000e-06	3.959998e+01
1.002000e-06	3.909994e+01
1.003000e-06	3.860002e+01
1.004000e-06	3.809998e+01
1.005000e-06	3.759992e+01
1.006000e-06	3.699994e+01
1.007000e-06	3.649997e+01
1.008000e-06	3.590002e+01
1.009000e-06	3.540002e+01
1.010000e-06	3.479998e+01
1.011000e-06	3.429995e+01
1.012000e-06	3.369995e+01
1.013000e-06	3.310002e+01
1.014000e-06	3.259991e+01
1.015000e-06	3.200002e+01
1.016000e-06	3.139994e+01
1.017000e-06	3.090002e+01
1.018000e-06	3.029999e+01
1.019000e-06	2.970002e+01
1.020000e-06	2.920003e+01
1.021000e-06	2.859998e+01
1.022000e-06	2.809995e+01
1.023000e-06	2.749994e+01
1.024000e-06	2.700000e+01
1.025000e-06	2.649994e+01
1.026000e-06	2.599999e+01
1.027000e-06	2.539995e+01
1.028000e-06	2.489997e+01
1.029000e-06	2.439999e+01
1.030000e-06	2.400004e+01
1.031000e-06	2.349995e+01
1.032000e-06	2.299997e+01
1.033000e-06	2.259998e+01
1.034000e-06	2.210002e+01
1.035000e-06	2.169998e+01
1.036000e-06	2.129998e+01
1.037000e-06	2.090003e+01
1.038000e-06	2.049999e+01
1.039000e-06	2.010001e+01
1.040000e-06	1.969994e+01
1.041000e-06	1.940000e+01
1.042000e-06	1.899993e+01
1.043000e-06	1.870002e+01
1.044000e-06	1.839997e+01
1.045000e-06	1.810001e+01
1.046000e-06	1.780002e+01
1.047000e-06	1.750001e+01
1.048000e-06	1.719997e+01
1.049000e-06	1.690002e+01
1.050000e-06	1.669997e+01
1.051000e-06	1.630004e+01
1.052000e-06	1.609999e+01
1.053000e-06	1.589997e+01
1.054000e-06	1.569996e+01
1.055000e-06	1.549998e+01
1.056000e-06	1.530002e+01
1.057000e-06	1.519995e+01
1.058000e-06	1.499993e+01
1.059000e-06	1.489998e+01
1.060000e-06	1.479997e+01
1.061000e-06	1.470004e+01
1.062000e-06	1.459993e+01
1.063000e-06	1.450002e+01
1.064000e-06	1.439994e+01
1.065000e-06	1.439999e+01
1.066000e-06	1.429995e+01
1.067000e-06	1.429998e+01
1.068000e-06	1.419999e+01
1.069000e-06	1.419999e+01
1.070000e-06	1.419999e+01
1.071000e-06	1.419999e+01
1.072000e-06	1.419999e+01
1.073000e-06	1.419999e+01
1.074000e-06	1.430003e+01
1.075000e-06	1.429993e+01
1.076000e-06	1.440004e+01
1.077000e-06	1.449997e+01
1.078000e-06	1.450004e+01
1.079000e-06	1.460004e+01
1.080000e-06	1.469997e+01
1.081000e-06	1.490003e+01
1.082000e-06	1.499996e+01
1.083000e-06	1.509994e+01
1.084000e-06	1.530001e+01
1.085000e-06	1.549994e+01
1.086000e-06	1.559999e+01
1.087000e-06	1.579997e+01
1.088000e-06	1.599993e+01
1.089000e-06	1.619999e+01
1.090000e-06	1.640002e+01
1.091000e-06	1.670001e+01
1.092000e-06	1.690003e+01
1.093000e-06	1.719993e+01
1.094000e-06	1.739993e+01
1.095000e-06	1.769998e+01
1.096000e-06	1.799993e+01
1.097000e-06	1.820003e+01
1.098000e-06	1.850002e+01
1.099000e-06	1.880003e+01
1.100000e-06	1.909995e+01
1.101000e-06	1.940002e+01
1.102000e-06	1.969999e+01
1.103000e-06	1.999999e+01
1.104000e-06	2.030002e+01
1.105000e-06	2.059996e+01
1.106000e-06	2.090004e+01
1.107000e-06	2.120003e+01
1.108000e-06	2.149993e+01
1.109000e-06	2.179997e+01
1.110000e-06	2.209993e+01
1.111000e-06	2.240002e+01
1.112000e-06	2.280003e+01
1.113000e-06	2.309997e+01
1.114000e-06	2.339994e+01
1.115000e-06	2.380001e+01
1.116000e-06	2.409994e+01
1.117000e-06	2.450001e+01
1.118000e-06	2.499998e+01
1.119000e-06	2.529993e+01
1.120000e-06	2.579997e+01
1.121000e-06	2.630001e+01
1.122000e-06	2.689996e+01
1.123000e-06	2.760000e+01
1.124000e-06	2.830002e+01
1.125000e-06	2.910000e+01
1.126000e-06	2.990001e+01
1.127000e-06	3.089998e+01
1.128000e-06	3.199999e+01
1.129000e-06	3.320001e+01
1.130000e-06	3.459997e+01
1.131000e-06	3.620001e+01
1.132000e-06	3.790001e+01
1.133000e-06	3.979998e+01
1.134000e-06	4.319991e+01
1.135000e-06	4.580001e+01
1.136000e-06	4.859995e+01
1.137000e-06	5.149997e+01
1.138000e-06	5.470000e+01
1.139000e-06	5.809994e+01
1.140000e-06	6.149999e+01
1.141000e-06	6.509991e+01
1.142000e-06	6.879994e+01
1.143000e-06	7.249998e+01
1.144000e-06	7.619992e+01
1.145000e-06	7.989988e+01
1.146000e-06	8.349995e+01
1.147000e-06	8.709988e+01
1.148000e-06	9.039996e+01
1.149000e-06	9.489997e+01
1.150000e-06	9.789992e+01
1.150000e-06	9.449990e+01
1.151250e-06	9.769997e+01
1.152500e-06	1.010000e+02
1.153750e-06	1.029999e+02
1.155000e-06	1.049999e+02
1.156250e-06	1.070000e+02
1.157500e-06	1.090000e+02
1.158750e-06	1.099994e+02
1.160000e-06	1.110000e+02
1.161250e-06	1.130004e+02
1.162500e-06	1.139999e+02
1.163750e-06	1.139994e+02
1.165000e-06	1.150000e+02
1.166250e-06	1.159995e+02
1.167500e-06	1.160001e+02
1.168750e-06	1.169997e+02
1.170000e-06	1.170003e+02
1.171250e-06	1.179999e+02
1.172500e-06	1.179995e+02
1.173750e-06	1.190001e+02
1.175000e-06	1.189997e+02
1.176250e-06	1.200003e+02
1.177500e-06	1.199999e+02
1.178750e-06	1.199995e+02
1.180000e-06	1.210002e+02
1.181250e-06	1.209998e+02
1.182500e-06	1.219994e+02
1.183750e-06	1.220001e+02
1.185000e-06	1.219997e+02
1.186250e-06	1.229994e+02
1.187500e-06	1.230001e+02
1.188750e-06	1.239997e+02
1.190000e-06	1.240004e+02
1.191250e-06	1.250001e+02
1.192500e-06	1.249997e+02
1.193750e-06	1.259994e+02
1.195000e-06	1.260001e+02
1.196250e-06	1.259998e+02
1.197500e-06	1.259994e+02
1.198750e-06	1.260001e+02
1.200000e-06	1.259998e+02
1.201250e-06	1.259994e+02
1.202500e-06	1.250000e+02
1.203750e-06	1.249997e+02
1.205000e-06	1.250003e+02
1.206250e-06	1.250000e+02
1.207500e-06	1.249996e+02
1.208750e-06	1.240002e+02
1.210000e-06	1.239999e+02
1.211250e-06	1.239995e+02
1.212500e-06	1.230000e+02
1.213750e-06	1.229997e+02
1.215000e-06	1.230004e+02
1.216250e-06	1.219999e+02
1.217500e-06	1.219995e+02
1.218750e-06	1.220002e+02
1.220000e-06	1.219998e+02
1.221250e-06	1.210003e+02
1.222500e-06	1.209999e+02
1.223750e-06	1.200004e+02
1.225000e-06	1.200000e+02
1.226250e-06	1.189995e+02
1.227500e-06	1.190001e+02
1.228750e-06	1.189997e+02
1.230000e-06	1.180002e+02
1.231250e-06	1.179998e+02
1.232500e-06	1.179994e+02
1.233750e-06	1.169998e+02
1.235000e-06	1.169994e+02
1.236250e-06	1.159998e+02
1.237500e-06	1.159994e+02
1.238750e-06	1.149998e+02
1.240000e-06	1.149994e+02
1.241250e-06	1.139998e+02
1.242500e-06	1.140004e+02
1.243750e-06	1.140000e+02
1.245000e-06	1.130003e+02
1.246250e-06	1.129999e+02
1.247500e-06	1.120003e+02
1.248750e-06	1.119999e+02
1.250000e-06	1.110002e+02
1.251250e-06	1.109998e+02
1.252500e-06	1.110003e+02
1.253750e-06	1.099996e+02
1.255000e-06	1.100002e+02
1.256250e-06	1.099998e+02
1.257500e-06	1.090001e+02
1.258750e-06	1.089996e+02
1.260000e-06	1.090002e+02
1.261250e-06	1.089998e+02
1.262500e-06	1.080000e+02
1.263750e-06	1.089999e+02
1.265000e-06	1.080002e+02
1.266250e-06	1.079997e+02
1.267500e-06	1.080003e+02
1.268750e-06	1.090002e+02
1.270000e-06	1.079995e+02
1.271250e-06	1.090004e+02
1.272500e-06	1.090000e+02
1.273750e-06	1.089995e+02
1.275000e-06	1.090001e+02
1.276250e-06	1.100001e+02
1.277500e-06	1.099997e+02
1.278750e-06	1.109997e+02
1.280000e-06	1.110002e+02
1.281250e-06	1.120002e+02
1.282500e-06	1.130002e+02
1.283750e-06	1.140003e+02
1.285000e-06	1.139999e+02
1.286250e-06	1.149999e+02
1.287500e-06	1.159999e+02
1.288750e-06	1.170000e+02
1.290000e-06	1.180001e+02
1.291250e-06	1.210001e+02
1.292500e-06	1.229996e+02
1.293750e-06	1.239997e+02
1.295000e-06	1.260003e+02
1.296250e-06	1.269995e+02
1.297500e-06	1.290001e+02
1.298750e-06	1.309998e+02
1.300000e-06	1.329995e+02
1.301250e-06	1.350001e+02
1.302500e-06	1.369999e+02
1.303750e-06	1.389996e+02
1.305000e-06	1.419999e+02
1.306250e-06	1.439997e+02
1.307500e-06	1.470000e+02
1.308750e-06	1.500003e+02
1.310000e-06	1.529997e+02
1.311250e-06	1.560002e+02
1.312500e-06	1.589996e+02
1.313750e-06	1.620001e+02
1.315000e-06	1.660002e+02
1.316250e-06	1.700003e+02
1.317500e-06	1.739995e+02
1.318750e-06	1.779997e+02
1.320000e-06	1.819999e+02
1.321250e-06	1.860002e+02
1.322500e-06	1.910001e+02
1.323750e-06	1.949995e+02
1.325000e-06	1.999995e+02
1.326250e-06	2.049996e+02
1.327500e-06	2.099997e+02
1.328750e-06	2.149999e+02
1.330000e-06	2.209998e+02
1.331250e-06	2.280003e+02
1.332500e-06	2.340002e+02
1.333750e-06	2.399993e+02
1.335000e-06	2.449998e+02
1.336250e-06	2.509999e+02
1.337500e-06	2.570001e+02
1.338750e-06	2.629995e+02
1.340000e-06	2.680001e+02
1.341250e-06	2.739996e+02
1.342500e-06	2.800000e+02
1.343750e-06	2.849999e+02
1.345000e-06	2.899998e+02
1.346250e-06	2.959995e+02
1.347500e-06	3.009995e+02
1.348750e-06	3.059996e+02
1.350000e-06	3.109997e+02
1.351250e-06	3.159999e+02
1.352500e-06	3.210001e+02
1.353750e-06	3.259995e+02
1.355000e-06	3.300000e+02
1.356250e-06	3.360001e+02
1.357500e-06	3.399999e+02
1.358750e-06	3.449994e+02
1.360000e-06	3.499999e+02
1.361250e-06	3.559993e+02
1.362500e-06	3.629995e+02
1.363750e-06	3.689999e+02
1.365000e-06	3.759993e+02
1.366250e-06	3.849992e+02
1.367500e-06	3.919997e+02
1.368750e-06	4.019996e+02
1.370000e-06	4.129994e+02
1.371250e-06	4.289993e+02
1.372500e-06	4.419999e+02
1.373750e-06	4.569993e+02
1.375000e-06	4.729996e+02
1.376250e-06	4.919996e+02
1.377500e-06	5.129994e+02
1.378750e-06	5.349993e+02
1.380000e-06	5.599998e+02
1.381250e-06	5.959998e+02
1.382500e-06	6.309994e+02
1.383750e-06	6.709996e+02
1.385000e-06	7.139997e+02
1.386250e-06	7.589991e+02
1.387500e-06	8.089992e+02
1.388750e-06	8.639991e+02
1.390000e-06	9.200022e+02
1.391250e-06	1.009997e+03
1.392500e-06	1.069995e+03
1.393750e-06	1.150001e+03
1.395000e-06	1.220000e+03
1.396250e-06	1.299998e+03
1.397500e-06	1.379998e+03
1.398750e-06	1.459998e+03
1.400000e-06	1.529999e+03
1.401250e-06	1.620000e+03
1.402500e-06	1.700002e+03
1.403750e-06	1.769997e+03
1.405000e-06	1.850001e+03
1.406250e-06	1.919997e+03
1.407500e-06	1.990003e+03
1.408750e-06	2.050000e+03
1.410000e-06	2.109999e+03
1.411250e-06	2.169998e+03
1.412500e-06	2.219998e+03
1.413750e-06	2.269998e+03
1.415000e-06	2.319999e+03
1.416250e-06	2.360000e+03
1.417500e-06	2.400002e+03
1.418750e-06	2.439995e+03
1.420000e-06	2.479998e+03
1.421250e-06	2.500001e+03
1.422500e-06	2.529995e+03
1.423750e-06	2.559998e+03
1.425000e-06	2.590002e+03
1.426250e-06	2.609997e+03
1.427500e-06	2.630000e+03
1.428750e-06	2.649996e+03
1.430000e-06	2.670000e+03
1.431250e-06	2.679995e+03
1.432500e-06	2.700000e+03
1.433750e-06	2.709995e+03
1.435000e-06	2.720000e+03
1.436250e-06	2.729995e+03
1.437500e-06	2.740000e+03
1.438750e-06	2.749996e+03
1.440000e-06	2.750000e+03
1.441250e-06	2.759996e+03
1.442500e-06	2.770000e+03
1.443750e-06	2.769996e+03
1.445000e-06	2.770000e+03
1.446250e-06	2.779996e+03
1.447500e-06	2.780000e+03
1.448750e-06	2.779995e+03
1.450000e-06	2.779999e+03
1.451250e-06	2.779995e+03
1.452500e-06	2.779999e+03
1.453750e-06	2.779994e+03
1.455000e-06	2.779998e+03
1.456250e-06	2.779994e+03
1.457500e-06	2.769996e+03
1.458750e-06	2.770000e+03
1.460000e-06	2.769996e+03
1.461250e-06	2.770000e+03
1.462500e-06	2.769995e+03
1.463750e-06	2.759998e+03
1.465000e-06	2.750000e+03
1.466250e-06	2.739994e+03
1.467500e-06	2.729996e+03
1.468750e-06	2.719998e+03
1.470000e-06	2.710000e+03
1.471250e-06	2.700001e+03
1.472500e-06	2.689995e+03
1.473750e-06	2.669994e+03
1.475000e-06	2.649994e+03
1.476250e-06	2.630002e+03
1.477500e-06	2.619995e+03
1.478750e-06	2.599994e+03
1.480000e-06	2.580001e+03
1.481250e-06	2.560000e+03
1.482500e-06	2.529996e+03
1.483750e-06	2.509994e+03
1.485000e-06	2.479999e+03
1.486250e-06	2.459997e+03
1.487500e-06	2.430000e+03
1.488750e-06	2.409998e+03
1.490000e-06	2.380001e+03
1.491250e-06	2.349996e+03
1.492500e-06	2.330001e+03
1.493750e-06	2.299995e+03
1.495000e-06	2.269997e+03
1.496250e-06	2.239999e+03
1.497500e-06	2.210001e+03
1.498750e-06	2.179994e+03
1.500000e-06	2.149995e+03
1.501250e-06	2.129999e+03
1.502500e-06	2.100000e+03
1.503750e-06	2.070000e+03
1.505000e-06	2.040000e+03
1.506250e-06	2.010000e+03
1.507500e-06	1.989995e+03
1.508750e-06	1.949999e+03
1.510000e-06	1.930001e+03
1.511250e-06	1.900000e+03
1.512500e-06	1.869999e+03
1.513750e-06	1.839997e+03
1.515000e-06	1.819999e+03
1.516250e-06	1.789997e+03
1.517500e-06	1.760003e+03
1.518750e-06	1.739995e+03
1.520000e-06	1.710001e+03
1.521250e-06	1.690001e+03
1.522500e-06	1.659998e+03
1.523750e-06	1.639998e+03
1.525000e-06	1.610002e+03
1.526250e-06	1.590002e+03
1.527500e-06	1.570001e+03
1.528750e-06	1.539997e+03
1.530000e-06	1.519996e+03
1.531250e-06	1.500003e+03
1.532500e-06	1.480002e+03
1.533750e-06	1.449996e+03
1.535000e-06	1.430003e+03
1.536250e-06	1.410001e+03
1.537500e-06	1.389999e+03
1.538750e-06	1.380001e+03
1.540000e-06	1.359998e+03
1.541250e-06	1.339996e+03
1.542500e-06	1.320001e+03
1.543750e-06	1.299999e+03
1.545000e-06	1.279996e+03
1.546250e-06	1.260001e+03
1.547500e-06	1.239997e+03
1.548750e-06	1.229998e+03
1.550000e-06	1.210003e+03
1.551250e-06	1.189999e+03
1.552500e-06	1.179999e+03
1.553750e-06	1.159995e+03
1.555000e-06	1.149996e+03
1.556250e-06	1.129999e+03
1.557500e-06	1.120000e+03
1.558750e-06	1.100003e+03
1.560000e-06	1.090003e+03
1.561250e-06	1.049996e+03
1.562500e-06	1.039996e+03
1.563750e-06	1.019999e+03
1.565000e-06	1.009998e+03
1.566250e-06	9.999974e+02
1.567500e-06	9.899967e+02
1.568750e-06	9.799958e+02
1.570000e-06	9.690024e+02
1.571250e-06	9.449983e+02
1.572500e-06	9.350011e+02
1.573750e-06	9.249959e+02
1.575000e-06	9.159959e+02
1.576250e-06	9.079987e+02
1.577500e-06	8.979989e+02
1.578750e-06	8.899968e+02
1.580000e-06	8.809973e+02
1.581250e-06	8.729974e+02
1.582500e-06	8.650023e+02
1.583750e-06	8.569960e+02
1.585000e-06	8.490023e+02
1.586250e-06	8.419956e+02
1.587500e-06	8.340026e+02
1.588750e-06	8.270029e+02
1.590000e-06	8.199985e+02
1.591250e-06	8.129971e+02
1.592500e-06	8.059988e+02
1.593750e-06	7.999971e+02
1.595000e-06	7.929964e+02
1.596250e-06	7.879984e+02
1.597500e-06	7.809991e+02
1.598750e-06	7.749995e+02
1.600000e-06	7.689992e+02
1.601250e-06	7.629996e+02
1.602500e-06	7.579997e+02
1.603750e-06	7.519992e+02
1.605000e-06	7.469992e+02
1.606250e-06	7.419993e+02
1.607500e-06	7.369992e+02
1.608750e-06	7.309993e+02
1.610000e-06	7.269990e+02
1.611250e-06	7.219997e+02
1.612500e-06	7.179993e+02
1.613750e-06	7.119993e+02
1.615000e-06	7.089995e+02
1.616250e-06	7.039992e+02
1.617500e-06	6.999995e+02
1.618750e-06	6.949991e+02
1.620000e-06	6.919992e+02
1.621250e-06	6.869995e+02
1.622500e-06	6.839996e+02
1.623750e-06	6.789998e+02
1.625000e-06	6.759998e+02
1.626250e-06	6.719991e+02
1.627500e-06	6.689998e+02
1.628750e-06	6.649998e+02
1.630000e-06	6.619997e+02
1.631250e-06	6.589996e+02
1.632500e-06	6.559994e+02
1.633750e-06	6.519993e+02
1.635000e-06	6.499998e+02
1.636250e-06	6.459996e+02
1.637500e-06	6.429993e+02
1.638750e-06	6.399998e+02
1.640000e-06	6.379995e+02
1.641250e-06	6.349991e+02
1.642500e-06	6.319995e+02
1.643750e-06	6.299991e+02
1.645000e-06	6.259995e+02
1.646250e-06	6.249998e+02
1.647500e-06	6.219994e+02
1.648750e-06	6.199996e+02
1.650000e-06	6.169991e+02
1.651250e-06	6.159994e+02
1.652500e-06	6.129996e+02
1.653750e-06	6.119998e+02
1.655000e-06	6.089992e+02
1.656250e-06	6.079994e+02
1.657500e-06	6.059995e+02
1.658750e-06	6.049997e+02
1.660000e-06	6.019998e+02
1.661250e-06	6.019992e+02
1.662500e-06	5.999993e+02
1.663750e-06	5.999994e+02
1.665000e-06	5.969995e+02
1.666250e-06	5.979996e+02
1.667500e-06	5.969997e+02
1.668750e-06	5.959998e+02
1.670000e-06	5.939998e+02
1.671250e-06	5.929999e+02
1.672500e-06	5.929992e+02
1.673750e-06	5.919992e+02
1.675000e-06	5.899992e+02
1.676250e-06	5.899993e+02
1.677500e-06	5.889993e+02
1.678750e-06	5.879994e+02
1.680000e-06	5.859993e+02
1.681250e-06	5.849993e+02
1.682500e-06	5.849993e+02
1.683750e-06	5.829992e+02
1.685000e-06	5.829993e+02
1.686250e-06	5.819993e+02
1.687500e-06	5.819993e+02
1.688750e-06	5.809993e+02
1.690000e-06	5.799992e+02
1.691250e-06	5.789992e+02
1.692500e-06	5.779998e+02
1.693750e-06	5.779991e+02
1.695000e-06	5.789993e+02
1.696250e-06	5.919995e+02
1.697500e-06	5.919996e+02
1.698750e-06	5.919996e+02
1.700000e-06	5.919997e+02
1.701250e-06	5.909997e+02
1.702500e-06	5.909998e+02
1.703750e-06	5.919993e+02
1.705000e-06	5.939997e+02
1.706250e-06	5.949992e+02
1.707500e-06	5.969996e+02
1.708750e-06	5.959996e+02
1.710000e-06	5.959997e+02
1.711250e-06	5.969992e+02
1.712500e-06	5.969993e+02
1.713750e-06	5.989998e+02
1.715000e-06	5.999994e+02
1.716250e-06	6.019999e+02
1.717500e-06	6.009998e+02
1.718750e-06	6.009992e+02
1.720000e-06	6.019995e+02
1.721250e-06	6.039993e+02
1.722500e-06	6.059999e+02
1.723750e-06	6.079997e+02
1.725000e-06	6.099995e+02
1.726250e-06	6.099997e+02
1.727500e-06	6.089996e+02
1.728750e-06	6.109995e+02
1.730000e-06	6.119992e+02
1.731250e-06	6.139998e+02
1.732500e-06	6.149995e+02
1.733750e-06	6.149997e+02
1.735000e-06	6.159993e+02
1.736250e-06	6.159995e+02
1.737500e-06	6.179995e+02
1.738750e-06	6.189992e+02
1.740000e-06	6.199996e+02
1.741250e-06	6.169998e+02
1.742500e-06	6.169993e+02
1.743750e-06	6.149996e+02
1.745000e-06	6.149998e+02
1.746250e-06	6.119992e+02
1.747500e-06	6.109998e+02
1.748750e-06	6.079998e+02
1.750000e-06	6.059994e+02