#gpvdm_csv {"title":"Refractive index","type":"xy","y_label":"Wavelength","data_label":"Refractive index","y_units":"nm","y_mul":1000000000.0,"data_units":"au","icon":"mat_file","time ":0.0,"Vexternal":0.0,"x_len":1,"y_len":2000,"z_len":1,"cols":"yd"}*
4.000000e-07	1.000035e+00
4.003000e-07	1.000035e+00
4.006000e-07	1.000035e+00
4.009000e-07	1.000035e+00
4.012000e-07	1.000035e+00
4.015000e-07	1.000035e+00
4.018000e-07	1.000035e+00
4.021000e-07	1.000035e+00
4.024000e-07	1.000035e+00
4.027000e-07	1.000035e+00
4.030000e-07	1.000035e+00
4.033000e-07	1.000035e+00
4.036000e-07	1.000035e+00
4.039000e-07	1.000035e+00
4.042000e-07	1.000035e+00
4.045000e-07	1.000035e+00
4.048000e-07	1.000035e+00
4.051000e-07	1.000035e+00
4.054000e-07	1.000035e+00
4.057000e-07	1.000035e+00
4.060000e-07	1.000035e+00
4.063000e-07	1.000035e+00
4.066000e-07	1.000035e+00
4.069000e-07	1.000035e+00
4.072000e-07	1.000035e+00
4.075000e-07	1.000035e+00
4.078000e-07	1.000035e+00
4.081000e-07	1.000035e+00
4.084000e-07	1.000035e+00
4.087000e-07	1.000035e+00
4.090000e-07	1.000035e+00
4.093000e-07	1.000035e+00
4.096000e-07	1.000035e+00
4.099000e-07	1.000035e+00
4.102000e-07	1.000035e+00
4.105000e-07	1.000035e+00
4.108000e-07	1.000035e+00
4.111000e-07	1.000035e+00
4.114000e-07	1.000035e+00
4.117000e-07	1.000035e+00
4.120000e-07	1.000035e+00
4.123000e-07	1.000035e+00
4.126000e-07	1.000035e+00
4.129000e-07	1.000035e+00
4.132000e-07	1.000035e+00
4.135000e-07	1.000035e+00
4.138000e-07	1.000035e+00
4.141000e-07	1.000035e+00
4.144000e-07	1.000035e+00
4.147000e-07	1.000035e+00
4.150000e-07	1.000035e+00
4.153000e-07	1.000035e+00
4.156000e-07	1.000035e+00
4.159000e-07	1.000035e+00
4.162000e-07	1.000035e+00
4.165000e-07	1.000035e+00
4.168000e-07	1.000035e+00
4.171000e-07	1.000035e+00
4.174000e-07	1.000035e+00
4.177000e-07	1.000035e+00
4.180000e-07	1.000035e+00
4.183000e-07	1.000035e+00
4.186000e-07	1.000035e+00
4.189000e-07	1.000035e+00
4.192000e-07	1.000035e+00
4.195000e-07	1.000035e+00
4.198000e-07	1.000035e+00
4.201000e-07	1.000035e+00
4.204000e-07	1.000035e+00
4.207000e-07	1.000035e+00
4.210000e-07	1.000035e+00
4.213000e-07	1.000035e+00
4.216000e-07	1.000035e+00
4.219000e-07	1.000035e+00
4.222000e-07	1.000035e+00
4.225000e-07	1.000035e+00
4.228000e-07	1.000035e+00
4.231000e-07	1.000035e+00
4.234000e-07	1.000035e+00
4.237000e-07	1.000035e+00
4.240000e-07	1.000035e+00
4.243000e-07	1.000035e+00
4.246000e-07	1.000035e+00
4.249000e-07	1.000035e+00
4.252000e-07	1.000035e+00
4.255000e-07	1.000035e+00
4.258000e-07	1.000035e+00
4.261000e-07	1.000035e+00
4.264000e-07	1.000035e+00
4.267000e-07	1.000035e+00
4.270000e-07	1.000035e+00
4.273000e-07	1.000035e+00
4.276000e-07	1.000035e+00
4.279000e-07	1.000035e+00
4.282000e-07	1.000035e+00
4.285000e-07	1.000035e+00
4.288000e-07	1.000035e+00
4.291000e-07	1.000035e+00
4.294000e-07	1.000035e+00
4.297000e-07	1.000035e+00
4.300000e-07	1.000035e+00
4.303000e-07	1.000035e+00
4.306000e-07	1.000035e+00
4.309000e-07	1.000035e+00
4.312000e-07	1.000035e+00
4.315000e-07	1.000035e+00
4.318000e-07	1.000035e+00
4.321000e-07	1.000035e+00
4.324000e-07	1.000035e+00
4.327000e-07	1.000035e+00
4.330000e-07	1.000035e+00
4.333000e-07	1.000035e+00
4.336000e-07	1.000035e+00
4.339000e-07	1.000035e+00
4.342000e-07	1.000035e+00
4.345000e-07	1.000035e+00
4.348000e-07	1.000035e+00
4.351000e-07	1.000035e+00
4.354000e-07	1.000035e+00
4.357000e-07	1.000035e+00
4.360000e-07	1.000035e+00
4.363000e-07	1.000035e+00
4.366000e-07	1.000035e+00
4.369000e-07	1.000035e+00
4.372000e-07	1.000035e+00
4.375000e-07	1.000035e+00
4.378000e-07	1.000035e+00
4.381000e-07	1.000035e+00
4.384000e-07	1.000035e+00
4.387000e-07	1.000035e+00
4.390000e-07	1.000035e+00
4.393000e-07	1.000035e+00
4.396000e-07	1.000035e+00
4.399000e-07	1.000035e+00
4.402000e-07	1.000035e+00
4.405000e-07	1.000035e+00
4.408000e-07	1.000035e+00
4.411000e-07	1.000035e+00
4.414000e-07	1.000035e+00
4.417000e-07	1.000035e+00
4.420000e-07	1.000035e+00
4.423000e-07	1.000035e+00
4.426000e-07	1.000035e+00
4.429000e-07	1.000035e+00
4.432000e-07	1.000035e+00
4.435000e-07	1.000035e+00
4.438000e-07	1.000035e+00
4.441000e-07	1.000035e+00
4.444000e-07	1.000035e+00
4.447000e-07	1.000035e+00
4.450000e-07	1.000035e+00
4.453000e-07	1.000035e+00
4.456000e-07	1.000035e+00
4.459000e-07	1.000035e+00
4.462000e-07	1.000035e+00
4.465000e-07	1.000035e+00
4.468000e-07	1.000035e+00
4.471000e-07	1.000035e+00
4.474000e-07	1.000035e+00
4.477000e-07	1.000035e+00
4.480000e-07	1.000035e+00
4.483000e-07	1.000035e+00
4.486000e-07	1.000035e+00
4.489000e-07	1.000035e+00
4.492000e-07	1.000035e+00
4.495000e-07	1.000035e+00
4.498000e-07	1.000035e+00
4.501000e-07	1.000035e+00
4.504000e-07	1.000035e+00
4.507000e-07	1.000035e+00
4.510000e-07	1.000035e+00
4.513000e-07	1.000035e+00
4.516000e-07	1.000035e+00
4.519000e-07	1.000035e+00
4.522000e-07	1.000035e+00
4.525000e-07	1.000035e+00
4.528000e-07	1.000035e+00
4.531000e-07	1.000035e+00
4.534000e-07	1.000035e+00
4.537000e-07	1.000035e+00
4.540000e-07	1.000035e+00
4.543000e-07	1.000035e+00
4.546000e-07	1.000035e+00
4.549000e-07	1.000035e+00
4.552000e-07	1.000035e+00
4.555000e-07	1.000035e+00
4.558000e-07	1.000035e+00
4.561000e-07	1.000035e+00
4.564000e-07	1.000035e+00
4.567000e-07	1.000035e+00
4.570000e-07	1.000035e+00
4.573000e-07	1.000035e+00
4.576000e-07	1.000035e+00
4.579000e-07	1.000035e+00
4.582000e-07	1.000035e+00
4.585000e-07	1.000035e+00
4.588000e-07	1.000035e+00
4.591000e-07	1.000035e+00
4.594000e-07	1.000035e+00
4.597000e-07	1.000035e+00
4.600000e-07	1.000035e+00
4.603000e-07	1.000035e+00
4.606000e-07	1.000035e+00
4.609000e-07	1.000035e+00
4.612000e-07	1.000035e+00
4.615000e-07	1.000035e+00
4.618000e-07	1.000035e+00
4.621000e-07	1.000035e+00
4.624000e-07	1.000035e+00
4.627000e-07	1.000035e+00
4.630000e-07	1.000035e+00
4.633000e-07	1.000035e+00
4.636000e-07	1.000035e+00
4.639000e-07	1.000035e+00
4.642000e-07	1.000035e+00
4.645000e-07	1.000035e+00
4.648000e-07	1.000035e+00
4.651000e-07	1.000035e+00
4.654000e-07	1.000035e+00
4.657000e-07	1.000035e+00
4.660000e-07	1.000035e+00
4.663000e-07	1.000035e+00
4.666000e-07	1.000035e+00
4.669000e-07	1.000035e+00
4.672000e-07	1.000035e+00
4.675000e-07	1.000035e+00
4.678000e-07	1.000035e+00
4.681000e-07	1.000035e+00
4.684000e-07	1.000035e+00
4.687000e-07	1.000035e+00
4.690000e-07	1.000035e+00
4.693000e-07	1.000035e+00
4.696000e-07	1.000035e+00
4.699000e-07	1.000035e+00
4.702000e-07	1.000035e+00
4.705000e-07	1.000035e+00
4.708000e-07	1.000035e+00
4.711000e-07	1.000035e+00
4.714000e-07	1.000035e+00
4.717000e-07	1.000035e+00
4.720000e-07	1.000035e+00
4.723000e-07	1.000035e+00
4.726000e-07	1.000035e+00
4.729000e-07	1.000035e+00
4.732000e-07	1.000035e+00
4.735000e-07	1.000035e+00
4.738000e-07	1.000035e+00
4.741000e-07	1.000035e+00
4.744000e-07	1.000035e+00
4.747000e-07	1.000035e+00
4.750000e-07	1.000035e+00
4.753000e-07	1.000035e+00
4.756000e-07	1.000035e+00
4.759000e-07	1.000035e+00
4.762000e-07	1.000035e+00
4.765000e-07	1.000035e+00
4.768000e-07	1.000035e+00
4.771000e-07	1.000035e+00
4.774000e-07	1.000035e+00
4.777000e-07	1.000035e+00
4.780000e-07	1.000035e+00
4.783000e-07	1.000035e+00
4.786000e-07	1.000035e+00
4.789000e-07	1.000035e+00
4.792000e-07	1.000035e+00
4.795000e-07	1.000035e+00
4.798000e-07	1.000034e+00
4.801000e-07	1.000034e+00
4.804000e-07	1.000034e+00
4.807000e-07	1.000034e+00
4.810000e-07	1.000034e+00
4.813000e-07	1.000034e+00
4.816000e-07	1.000034e+00
4.819000e-07	1.000034e+00
4.822000e-07	1.000034e+00
4.825000e-07	1.000034e+00
4.828000e-07	1.000034e+00
4.831000e-07	1.000034e+00
4.834000e-07	1.000034e+00
4.837000e-07	1.000034e+00
4.840000e-07	1.000034e+00
4.843000e-07	1.000034e+00
4.846000e-07	1.000034e+00
4.849000e-07	1.000034e+00
4.852000e-07	1.000034e+00
4.855000e-07	1.000034e+00
4.858000e-07	1.000034e+00
4.861000e-07	1.000034e+00
4.864000e-07	1.000034e+00
4.867000e-07	1.000034e+00
4.870000e-07	1.000034e+00
4.873000e-07	1.000034e+00
4.876000e-07	1.000034e+00
4.879000e-07	1.000034e+00
4.882000e-07	1.000034e+00
4.885000e-07	1.000034e+00
4.888000e-07	1.000034e+00
4.891000e-07	1.000034e+00
4.894000e-07	1.000034e+00
4.897000e-07	1.000034e+00
4.900000e-07	1.000034e+00
4.903000e-07	1.000034e+00
4.906000e-07	1.000034e+00
4.909000e-07	1.000034e+00
4.912000e-07	1.000034e+00
4.915000e-07	1.000034e+00
4.918000e-07	1.000034e+00
4.921000e-07	1.000034e+00
4.924000e-07	1.000034e+00
4.927000e-07	1.000034e+00
4.930000e-07	1.000034e+00
4.933000e-07	1.000034e+00
4.936000e-07	1.000034e+00
4.939000e-07	1.000034e+00
4.942000e-07	1.000034e+00
4.945000e-07	1.000034e+00
4.948000e-07	1.000034e+00
4.951000e-07	1.000034e+00
4.954000e-07	1.000034e+00
4.957000e-07	1.000034e+00
4.960000e-07	1.000034e+00
4.963000e-07	1.000034e+00
4.966000e-07	1.000034e+00
4.969000e-07	1.000034e+00
4.972000e-07	1.000034e+00
4.975000e-07	1.000034e+00
4.978000e-07	1.000034e+00
4.981000e-07	1.000034e+00
4.984000e-07	1.000034e+00
4.987000e-07	1.000034e+00
4.990000e-07	1.000034e+00
4.993000e-07	1.000034e+00
4.996000e-07	1.000034e+00
4.999000e-07	1.000034e+00
5.002000e-07	1.000034e+00
5.005000e-07	1.000034e+00
5.008000e-07	1.000034e+00
5.011000e-07	1.000034e+00
5.014000e-07	1.000034e+00
5.017000e-07	1.000034e+00
5.020000e-07	1.000034e+00
5.023000e-07	1.000034e+00
5.026000e-07	1.000034e+00
5.029000e-07	1.000034e+00
5.032000e-07	1.000034e+00
5.035000e-07	1.000034e+00
5.038000e-07	1.000034e+00
5.041000e-07	1.000034e+00
5.044000e-07	1.000034e+00
5.047000e-07	1.000034e+00
5.050000e-07	1.000034e+00
5.053000e-07	1.000034e+00
5.056000e-07	1.000034e+00
5.059000e-07	1.000034e+00
5.062000e-07	1.000034e+00
5.065000e-07	1.000034e+00
5.068000e-07	1.000034e+00
5.071000e-07	1.000034e+00
5.074000e-07	1.000034e+00
5.077000e-07	1.000034e+00
5.080000e-07	1.000034e+00
5.083000e-07	1.000034e+00
5.086000e-07	1.000034e+00
5.089000e-07	1.000034e+00
5.092000e-07	1.000034e+00
5.095000e-07	1.000034e+00
5.098000e-07	1.000034e+00
5.101000e-07	1.000034e+00
5.104000e-07	1.000034e+00
5.107000e-07	1.000034e+00
5.110000e-07	1.000034e+00
5.113000e-07	1.000034e+00
5.116000e-07	1.000034e+00
5.119000e-07	1.000034e+00
5.122000e-07	1.000034e+00
5.125000e-07	1.000034e+00
5.128000e-07	1.000034e+00
5.131000e-07	1.000034e+00
5.134000e-07	1.000034e+00
5.137000e-07	1.000034e+00
5.140000e-07	1.000034e+00
5.143000e-07	1.000034e+00
5.146000e-07	1.000034e+00
5.149000e-07	1.000034e+00
5.152000e-07	1.000034e+00
5.155000e-07	1.000034e+00
5.158000e-07	1.000034e+00
5.161000e-07	1.000034e+00
5.164000e-07	1.000034e+00
5.167000e-07	1.000034e+00
5.170000e-07	1.000034e+00
5.173000e-07	1.000034e+00
5.176000e-07	1.000034e+00
5.179000e-07	1.000034e+00
5.182000e-07	1.000034e+00
5.185000e-07	1.000034e+00
5.188000e-07	1.000034e+00
5.191000e-07	1.000034e+00
5.194000e-07	1.000034e+00
5.197000e-07	1.000034e+00
5.200000e-07	1.000034e+00
5.203000e-07	1.000034e+00
5.206000e-07	1.000034e+00
5.209000e-07	1.000034e+00
5.212000e-07	1.000034e+00
5.215000e-07	1.000034e+00
5.218000e-07	1.000034e+00
5.221000e-07	1.000034e+00
5.224000e-07	1.000034e+00
5.227000e-07	1.000034e+00
5.230000e-07	1.000034e+00
5.233000e-07	1.000034e+00
5.236000e-07	1.000034e+00
5.239000e-07	1.000034e+00
5.242000e-07	1.000034e+00
5.245000e-07	1.000034e+00
5.248000e-07	1.000034e+00
5.251000e-07	1.000034e+00
5.254000e-07	1.000034e+00
5.257000e-07	1.000034e+00
5.260000e-07	1.000034e+00
5.263000e-07	1.000034e+00
5.266000e-07	1.000034e+00
5.269000e-07	1.000034e+00
5.272000e-07	1.000034e+00
5.275000e-07	1.000034e+00
5.278000e-07	1.000034e+00
5.281000e-07	1.000034e+00
5.284000e-07	1.000034e+00
5.287000e-07	1.000034e+00
5.290000e-07	1.000034e+00
5.293000e-07	1.000034e+00
5.296000e-07	1.000034e+00
5.299000e-07	1.000034e+00
5.302000e-07	1.000034e+00
5.305000e-07	1.000034e+00
5.308000e-07	1.000034e+00
5.311000e-07	1.000034e+00
5.314000e-07	1.000034e+00
5.317000e-07	1.000034e+00
5.320000e-07	1.000034e+00
5.323000e-07	1.000034e+00
5.326000e-07	1.000034e+00
5.329000e-07	1.000034e+00
5.332000e-07	1.000034e+00
5.335000e-07	1.000034e+00
5.338000e-07	1.000034e+00
5.341000e-07	1.000034e+00
5.344000e-07	1.000034e+00
5.347000e-07	1.000034e+00
5.350000e-07	1.000034e+00
5.353000e-07	1.000034e+00
5.356000e-07	1.000034e+00
5.359000e-07	1.000034e+00
5.362000e-07	1.000034e+00
5.365000e-07	1.000034e+00
5.368000e-07	1.000034e+00
5.371000e-07	1.000034e+00
5.374000e-07	1.000034e+00
5.377000e-07	1.000034e+00
5.380000e-07	1.000034e+00
5.383000e-07	1.000034e+00
5.386000e-07	1.000034e+00
5.389000e-07	1.000034e+00
5.392000e-07	1.000034e+00
5.395000e-07	1.000034e+00
5.398000e-07	1.000034e+00
5.401000e-07	1.000034e+00
5.404000e-07	1.000034e+00
5.407000e-07	1.000034e+00
5.410000e-07	1.000034e+00
5.413000e-07	1.000034e+00
5.416000e-07	1.000034e+00
5.419000e-07	1.000034e+00
5.422000e-07	1.000034e+00
5.425000e-07	1.000034e+00
5.428000e-07	1.000034e+00
5.431000e-07	1.000034e+00
5.434000e-07	1.000034e+00
5.437000e-07	1.000034e+00
5.440000e-07	1.000034e+00
5.443000e-07	1.000034e+00
5.446000e-07	1.000034e+00
5.449000e-07	1.000034e+00
5.452000e-07	1.000034e+00
5.455000e-07	1.000034e+00
5.458000e-07	1.000034e+00
5.461000e-07	1.000034e+00
5.464000e-07	1.000034e+00
5.467000e-07	1.000034e+00
5.470000e-07	1.000034e+00
5.473000e-07	1.000034e+00
5.476000e-07	1.000034e+00
5.479000e-07	1.000034e+00
5.482000e-07	1.000034e+00
5.485000e-07	1.000034e+00
5.488000e-07	1.000034e+00
5.491000e-07	1.000034e+00
5.494000e-07	1.000034e+00
5.497000e-07	1.000034e+00
5.500000e-07	1.000034e+00
5.503000e-07	1.000034e+00
5.506000e-07	1.000034e+00
5.509000e-07	1.000034e+00
5.512000e-07	1.000034e+00
5.515000e-07	1.000034e+00
5.518000e-07	1.000034e+00
5.521000e-07	1.000034e+00
5.524000e-07	1.000034e+00
5.527000e-07	1.000034e+00
5.530000e-07	1.000034e+00
5.533000e-07	1.000034e+00
5.536000e-07	1.000034e+00
5.539000e-07	1.000034e+00
5.542000e-07	1.000034e+00
5.545000e-07	1.000034e+00
5.548000e-07	1.000034e+00
5.551000e-07	1.000034e+00
5.554000e-07	1.000034e+00
5.557000e-07	1.000034e+00
5.560000e-07	1.000034e+00
5.563000e-07	1.000034e+00
5.566000e-07	1.000034e+00
5.569000e-07	1.000034e+00
5.572000e-07	1.000034e+00
5.575000e-07	1.000034e+00
5.578000e-07	1.000034e+00
5.581000e-07	1.000034e+00
5.584000e-07	1.000034e+00
5.587000e-07	1.000034e+00
5.590000e-07	1.000034e+00
5.593000e-07	1.000034e+00
5.596000e-07	1.000034e+00
5.599000e-07	1.000034e+00
5.602000e-07	1.000034e+00
5.605000e-07	1.000034e+00
5.608000e-07	1.000034e+00
5.611000e-07	1.000034e+00
5.614000e-07	1.000034e+00
5.617000e-07	1.000034e+00
5.620000e-07	1.000034e+00
5.623000e-07	1.000034e+00
5.626000e-07	1.000034e+00
5.629000e-07	1.000034e+00
5.632000e-07	1.000034e+00
5.635000e-07	1.000034e+00
5.638000e-07	1.000034e+00
5.641000e-07	1.000034e+00
5.644000e-07	1.000034e+00
5.647000e-07	1.000034e+00
5.650000e-07	1.000034e+00
5.653000e-07	1.000034e+00
5.656000e-07	1.000034e+00
5.659000e-07	1.000034e+00
5.662000e-07	1.000034e+00
5.665000e-07	1.000034e+00
5.668000e-07	1.000034e+00
5.671000e-07	1.000034e+00
5.674000e-07	1.000034e+00
5.677000e-07	1.000034e+00
5.680000e-07	1.000034e+00
5.683000e-07	1.000034e+00
5.686000e-07	1.000034e+00
5.689000e-07	1.000034e+00
5.692000e-07	1.000034e+00
5.695000e-07	1.000034e+00
5.698000e-07	1.000034e+00
5.701000e-07	1.000034e+00
5.704000e-07	1.000034e+00
5.707000e-07	1.000034e+00
5.710000e-07	1.000034e+00
5.713000e-07	1.000034e+00
5.716000e-07	1.000034e+00
5.719000e-07	1.000034e+00
5.722000e-07	1.000034e+00
5.725000e-07	1.000034e+00
5.728000e-07	1.000034e+00
5.731000e-07	1.000034e+00
5.734000e-07	1.000034e+00
5.737000e-07	1.000034e+00
5.740000e-07	1.000034e+00
5.743000e-07	1.000034e+00
5.746000e-07	1.000034e+00
5.749000e-07	1.000034e+00
5.752000e-07	1.000034e+00
5.755000e-07	1.000034e+00
5.758000e-07	1.000034e+00
5.761000e-07	1.000034e+00
5.764000e-07	1.000034e+00
5.767000e-07	1.000034e+00
5.770000e-07	1.000034e+00
5.773000e-07	1.000034e+00
5.776000e-07	1.000034e+00
5.779000e-07	1.000034e+00
5.782000e-07	1.000034e+00
5.785000e-07	1.000034e+00
5.788000e-07	1.000034e+00
5.791000e-07	1.000034e+00
5.794000e-07	1.000034e+00
5.797000e-07	1.000034e+00
5.800000e-07	1.000034e+00
5.803000e-07	1.000034e+00
5.806000e-07	1.000034e+00
5.809000e-07	1.000034e+00
5.812000e-07	1.000034e+00
5.815000e-07	1.000034e+00
5.818000e-07	1.000034e+00
5.821000e-07	1.000034e+00
5.824000e-07	1.000034e+00
5.827000e-07	1.000034e+00
5.830000e-07	1.000034e+00
5.833000e-07	1.000034e+00
5.836000e-07	1.000034e+00
5.839000e-07	1.000034e+00
5.842000e-07	1.000034e+00
5.845000e-07	1.000034e+00
5.848000e-07	1.000034e+00
5.851000e-07	1.000034e+00
5.854000e-07	1.000034e+00
5.857000e-07	1.000034e+00
5.860000e-07	1.000034e+00
5.863000e-07	1.000034e+00
5.866000e-07	1.000034e+00
5.869000e-07	1.000034e+00
5.872000e-07	1.000034e+00
5.875000e-07	1.000034e+00
5.878000e-07	1.000034e+00
5.881000e-07	1.000034e+00
5.884000e-07	1.000034e+00
5.887000e-07	1.000034e+00
5.890000e-07	1.000034e+00
5.893000e-07	1.000034e+00
5.896000e-07	1.000034e+00
5.899000e-07	1.000034e+00
5.902000e-07	1.000034e+00
5.905000e-07	1.000034e+00
5.908000e-07	1.000034e+00
5.911000e-07	1.000034e+00
5.914000e-07	1.000034e+00
5.917000e-07	1.000034e+00
5.920000e-07	1.000034e+00
5.923000e-07	1.000034e+00
5.926000e-07	1.000034e+00
5.929000e-07	1.000034e+00
5.932000e-07	1.000034e+00
5.935000e-07	1.000034e+00
5.938000e-07	1.000034e+00
5.941000e-07	1.000034e+00
5.944000e-07	1.000034e+00
5.947000e-07	1.000034e+00
5.950000e-07	1.000034e+00
5.953000e-07	1.000034e+00
5.956000e-07	1.000034e+00
5.959000e-07	1.000034e+00
5.962000e-07	1.000034e+00
5.965000e-07	1.000034e+00
5.968000e-07	1.000034e+00
5.971000e-07	1.000034e+00
5.974000e-07	1.000034e+00
5.977000e-07	1.000034e+00
5.980000e-07	1.000034e+00
5.983000e-07	1.000034e+00
5.986000e-07	1.000034e+00
5.989000e-07	1.000034e+00
5.992000e-07	1.000034e+00
5.995000e-07	1.000034e+00
5.998000e-07	1.000034e+00
6.001000e-07	1.000034e+00
6.004000e-07	1.000034e+00
6.007000e-07	1.000034e+00
6.010000e-07	1.000034e+00
6.013000e-07	1.000034e+00
6.016000e-07	1.000034e+00
6.019000e-07	1.000034e+00
6.022000e-07	1.000034e+00
6.025000e-07	1.000034e+00
6.028000e-07	1.000034e+00
6.031000e-07	1.000034e+00
6.034000e-07	1.000034e+00
6.037000e-07	1.000034e+00
6.040000e-07	1.000034e+00
6.043000e-07	1.000034e+00
6.046000e-07	1.000034e+00
6.049000e-07	1.000034e+00
6.052000e-07	1.000034e+00
6.055000e-07	1.000034e+00
6.058000e-07	1.000034e+00
6.061000e-07	1.000034e+00
6.064000e-07	1.000034e+00
6.067000e-07	1.000034e+00
6.070000e-07	1.000034e+00
6.073000e-07	1.000034e+00
6.076000e-07	1.000034e+00
6.079000e-07	1.000034e+00
6.082000e-07	1.000034e+00
6.085000e-07	1.000034e+00
6.088000e-07	1.000034e+00
6.091000e-07	1.000034e+00
6.094000e-07	1.000034e+00
6.097000e-07	1.000034e+00
6.100000e-07	1.000034e+00
6.103000e-07	1.000034e+00
6.106000e-07	1.000034e+00
6.109000e-07	1.000034e+00
6.112000e-07	1.000034e+00
6.115000e-07	1.000034e+00
6.118000e-07	1.000034e+00
6.121000e-07	1.000034e+00
6.124000e-07	1.000034e+00
6.127000e-07	1.000034e+00
6.130000e-07	1.000034e+00
6.133000e-07	1.000034e+00
6.136000e-07	1.000034e+00
6.139000e-07	1.000034e+00
6.142000e-07	1.000034e+00
6.145000e-07	1.000034e+00
6.148000e-07	1.000034e+00
6.151000e-07	1.000034e+00
6.154000e-07	1.000034e+00
6.157000e-07	1.000034e+00
6.160000e-07	1.000034e+00
6.163000e-07	1.000034e+00
6.166000e-07	1.000034e+00
6.169000e-07	1.000034e+00
6.172000e-07	1.000034e+00
6.175000e-07	1.000034e+00
6.178000e-07	1.000034e+00
6.181000e-07	1.000034e+00
6.184000e-07	1.000034e+00
6.187000e-07	1.000034e+00
6.190000e-07	1.000034e+00
6.193000e-07	1.000034e+00
6.196000e-07	1.000034e+00
6.199000e-07	1.000034e+00
6.202000e-07	1.000034e+00
6.205000e-07	1.000034e+00
6.208000e-07	1.000034e+00
6.211000e-07	1.000034e+00
6.214000e-07	1.000034e+00
6.217000e-07	1.000034e+00
6.220000e-07	1.000034e+00
6.223000e-07	1.000034e+00
6.226000e-07	1.000034e+00
6.229000e-07	1.000034e+00
6.232000e-07	1.000034e+00
6.235000e-07	1.000034e+00
6.238000e-07	1.000034e+00
6.241000e-07	1.000034e+00
6.244000e-07	1.000034e+00
6.247000e-07	1.000034e+00
6.250000e-07	1.000034e+00
6.253000e-07	1.000034e+00
6.256000e-07	1.000034e+00
6.259000e-07	1.000034e+00
6.262000e-07	1.000034e+00
6.265000e-07	1.000034e+00
6.268000e-07	1.000034e+00
6.271000e-07	1.000034e+00
6.274000e-07	1.000034e+00
6.277000e-07	1.000034e+00
6.280000e-07	1.000034e+00
6.283000e-07	1.000034e+00
6.286000e-07	1.000034e+00
6.289000e-07	1.000034e+00
6.292000e-07	1.000034e+00
6.295000e-07	1.000034e+00
6.298000e-07	1.000034e+00
6.301000e-07	1.000034e+00
6.304000e-07	1.000034e+00
6.307000e-07	1.000034e+00
6.310000e-07	1.000034e+00
6.313000e-07	1.000034e+00
6.316000e-07	1.000034e+00
6.319000e-07	1.000034e+00
6.322000e-07	1.000034e+00
6.325000e-07	1.000034e+00
6.328000e-07	1.000034e+00
6.331000e-07	1.000034e+00
6.334000e-07	1.000034e+00
6.337000e-07	1.000034e+00
6.340000e-07	1.000034e+00
6.343000e-07	1.000034e+00
6.346000e-07	1.000034e+00
6.349000e-07	1.000034e+00
6.352000e-07	1.000034e+00
6.355000e-07	1.000034e+00
6.358000e-07	1.000034e+00
6.361000e-07	1.000034e+00
6.364000e-07	1.000034e+00
6.367000e-07	1.000034e+00
6.370000e-07	1.000034e+00
6.373000e-07	1.000034e+00
6.376000e-07	1.000034e+00
6.379000e-07	1.000034e+00
6.382000e-07	1.000034e+00
6.385000e-07	1.000034e+00
6.388000e-07	1.000034e+00
6.391000e-07	1.000034e+00
6.394000e-07	1.000034e+00
6.397000e-07	1.000034e+00
6.400000e-07	1.000034e+00
6.403000e-07	1.000034e+00
6.406000e-07	1.000034e+00
6.409000e-07	1.000034e+00
6.412000e-07	1.000034e+00
6.415000e-07	1.000034e+00
6.418000e-07	1.000034e+00
6.421000e-07	1.000034e+00
6.424000e-07	1.000034e+00
6.427000e-07	1.000034e+00
6.430000e-07	1.000034e+00
6.433000e-07	1.000034e+00
6.436000e-07	1.000034e+00
6.439000e-07	1.000034e+00
6.442000e-07	1.000034e+00
6.445000e-07	1.000034e+00
6.448000e-07	1.000034e+00
6.451000e-07	1.000034e+00
6.454000e-07	1.000034e+00
6.457000e-07	1.000034e+00
6.460000e-07	1.000034e+00
6.463000e-07	1.000034e+00
6.466000e-07	1.000034e+00
6.469000e-07	1.000034e+00
6.472000e-07	1.000034e+00
6.475000e-07	1.000034e+00
6.478000e-07	1.000034e+00
6.481000e-07	1.000034e+00
6.484000e-07	1.000034e+00
6.487000e-07	1.000034e+00
6.490000e-07	1.000034e+00
6.493000e-07	1.000034e+00
6.496000e-07	1.000034e+00
6.499000e-07	1.000034e+00
6.502000e-07	1.000034e+00
6.505000e-07	1.000034e+00
6.508000e-07	1.000034e+00
6.511000e-07	1.000034e+00
6.514000e-07	1.000034e+00
6.517000e-07	1.000034e+00
6.520000e-07	1.000034e+00
6.523000e-07	1.000034e+00
6.526000e-07	1.000034e+00
6.529000e-07	1.000034e+00
6.532000e-07	1.000034e+00
6.535000e-07	1.000034e+00
6.538000e-07	1.000034e+00
6.541000e-07	1.000034e+00
6.544000e-07	1.000034e+00
6.547000e-07	1.000034e+00
6.550000e-07	1.000034e+00
6.553000e-07	1.000034e+00
6.556000e-07	1.000034e+00
6.559000e-07	1.000034e+00
6.562000e-07	1.000034e+00
6.565000e-07	1.000034e+00
6.568000e-07	1.000034e+00
6.571000e-07	1.000034e+00
6.574000e-07	1.000034e+00
6.577000e-07	1.000034e+00
6.580000e-07	1.000034e+00
6.583000e-07	1.000034e+00
6.586000e-07	1.000034e+00
6.589000e-07	1.000034e+00
6.592000e-07	1.000034e+00
6.595000e-07	1.000034e+00
6.598000e-07	1.000034e+00
6.601000e-07	1.000034e+00
6.604000e-07	1.000034e+00
6.607000e-07	1.000034e+00
6.610000e-07	1.000034e+00
6.613000e-07	1.000034e+00
6.616000e-07	1.000034e+00
6.619000e-07	1.000034e+00
6.622000e-07	1.000034e+00
6.625000e-07	1.000034e+00
6.628000e-07	1.000034e+00
6.631000e-07	1.000034e+00
6.634000e-07	1.000034e+00
6.637000e-07	1.000034e+00
6.640000e-07	1.000034e+00
6.643000e-07	1.000034e+00
6.646000e-07	1.000034e+00
6.649000e-07	1.000034e+00
6.652000e-07	1.000034e+00
6.655000e-07	1.000034e+00
6.658000e-07	1.000034e+00
6.661000e-07	1.000034e+00
6.664000e-07	1.000034e+00
6.667000e-07	1.000034e+00
6.670000e-07	1.000034e+00
6.673000e-07	1.000034e+00
6.676000e-07	1.000034e+00
6.679000e-07	1.000034e+00
6.682000e-07	1.000034e+00
6.685000e-07	1.000034e+00
6.688000e-07	1.000034e+00
6.691000e-07	1.000034e+00
6.694000e-07	1.000034e+00
6.697000e-07	1.000034e+00
6.700000e-07	1.000034e+00
6.703000e-07	1.000034e+00
6.706000e-07	1.000034e+00
6.709000e-07	1.000034e+00
6.712000e-07	1.000034e+00
6.715000e-07	1.000034e+00
6.718000e-07	1.000034e+00
6.721000e-07	1.000034e+00
6.724000e-07	1.000034e+00
6.727000e-07	1.000034e+00
6.730000e-07	1.000034e+00
6.733000e-07	1.000034e+00
6.736000e-07	1.000034e+00
6.739000e-07	1.000034e+00
6.742000e-07	1.000034e+00
6.745000e-07	1.000034e+00
6.748000e-07	1.000034e+00
6.751000e-07	1.000034e+00
6.754000e-07	1.000034e+00
6.757000e-07	1.000034e+00
6.760000e-07	1.000034e+00
6.763000e-07	1.000034e+00
6.766000e-07	1.000034e+00
6.769000e-07	1.000034e+00
6.772000e-07	1.000034e+00
6.775000e-07	1.000034e+00
6.778000e-07	1.000034e+00
6.781000e-07	1.000034e+00
6.784000e-07	1.000034e+00
6.787000e-07	1.000034e+00
6.790000e-07	1.000034e+00
6.793000e-07	1.000034e+00
6.796000e-07	1.000034e+00
6.799000e-07	1.000034e+00
6.802000e-07	1.000034e+00
6.805000e-07	1.000034e+00
6.808000e-07	1.000034e+00
6.811000e-07	1.000034e+00
6.814000e-07	1.000034e+00
6.817000e-07	1.000034e+00
6.820000e-07	1.000034e+00
6.823000e-07	1.000034e+00
6.826000e-07	1.000034e+00
6.829000e-07	1.000034e+00
6.832000e-07	1.000034e+00
6.835000e-07	1.000034e+00
6.838000e-07	1.000034e+00
6.841000e-07	1.000034e+00
6.844000e-07	1.000034e+00
6.847000e-07	1.000034e+00
6.850000e-07	1.000034e+00
6.853000e-07	1.000034e+00
6.856000e-07	1.000034e+00
6.859000e-07	1.000034e+00
6.862000e-07	1.000034e+00
6.865000e-07	1.000034e+00
6.868000e-07	1.000034e+00
6.871000e-07	1.000034e+00
6.874000e-07	1.000034e+00
6.877000e-07	1.000034e+00
6.880000e-07	1.000034e+00
6.883000e-07	1.000034e+00
6.886000e-07	1.000034e+00
6.889000e-07	1.000034e+00
6.892000e-07	1.000034e+00
6.895000e-07	1.000034e+00
6.898000e-07	1.000034e+00
6.901000e-07	1.000034e+00
6.904000e-07	1.000034e+00
6.907000e-07	1.000034e+00
6.910000e-07	1.000034e+00
6.913000e-07	1.000034e+00
6.916000e-07	1.000034e+00
6.919000e-07	1.000034e+00
6.922000e-07	1.000034e+00
6.925000e-07	1.000034e+00
6.928000e-07	1.000034e+00
6.931000e-07	1.000034e+00
6.934000e-07	1.000034e+00
6.937000e-07	1.000034e+00
6.940000e-07	1.000034e+00
6.943000e-07	1.000034e+00
6.946000e-07	1.000034e+00
6.949000e-07	1.000034e+00
6.952000e-07	1.000034e+00
6.955000e-07	1.000034e+00
6.958000e-07	1.000034e+00
6.961000e-07	1.000034e+00
6.964000e-07	1.000034e+00
6.967000e-07	1.000034e+00
6.970000e-07	1.000034e+00
6.973000e-07	1.000034e+00
6.976000e-07	1.000034e+00
6.979000e-07	1.000034e+00
6.982000e-07	1.000034e+00
6.985000e-07	1.000034e+00
6.988000e-07	1.000034e+00
6.991000e-07	1.000034e+00
6.994000e-07	1.000034e+00
6.997000e-07	1.000034e+00
7.000000e-07	1.000034e+00
7.003000e-07	1.000034e+00
7.006000e-07	1.000034e+00
7.009000e-07	1.000034e+00
7.012000e-07	1.000034e+00
7.015000e-07	1.000034e+00
7.018000e-07	1.000034e+00
7.021000e-07	1.000034e+00
7.024000e-07	1.000034e+00
7.027000e-07	1.000034e+00
7.030000e-07	1.000034e+00
7.033000e-07	1.000034e+00
7.036000e-07	1.000034e+00
7.039000e-07	1.000034e+00
7.042000e-07	1.000034e+00
7.045000e-07	1.000034e+00
7.048000e-07	1.000034e+00
7.051000e-07	1.000034e+00
7.054000e-07	1.000034e+00
7.057000e-07	1.000034e+00
7.060000e-07	1.000034e+00
7.063000e-07	1.000034e+00
7.066000e-07	1.000034e+00
7.069000e-07	1.000034e+00
7.072000e-07	1.000034e+00
7.075000e-07	1.000034e+00
7.078000e-07	1.000034e+00
7.081000e-07	1.000034e+00
7.084000e-07	1.000034e+00
7.087000e-07	1.000034e+00
7.090000e-07	1.000034e+00
7.093000e-07	1.000034e+00
7.096000e-07	1.000034e+00
7.099000e-07	1.000034e+00
7.102000e-07	1.000034e+00
7.105000e-07	1.000034e+00
7.108000e-07	1.000034e+00
7.111000e-07	1.000034e+00
7.114000e-07	1.000034e+00
7.117000e-07	1.000034e+00
7.120000e-07	1.000034e+00
7.123000e-07	1.000034e+00
7.126000e-07	1.000034e+00
7.129000e-07	1.000034e+00
7.132000e-07	1.000034e+00
7.135000e-07	1.000034e+00
7.138000e-07	1.000034e+00
7.141000e-07	1.000034e+00
7.144000e-07	1.000034e+00
7.147000e-07	1.000034e+00
7.150000e-07	1.000034e+00
7.153000e-07	1.000034e+00
7.156000e-07	1.000034e+00
7.159000e-07	1.000034e+00
7.162000e-07	1.000034e+00
7.165000e-07	1.000034e+00
7.168000e-07	1.000034e+00
7.171000e-07	1.000034e+00
7.174000e-07	1.000034e+00
7.177000e-07	1.000034e+00
7.180000e-07	1.000034e+00
7.183000e-07	1.000034e+00
7.186000e-07	1.000034e+00
7.189000e-07	1.000034e+00
7.192000e-07	1.000034e+00
7.195000e-07	1.000034e+00
7.198000e-07	1.000034e+00
7.201000e-07	1.000034e+00
7.204000e-07	1.000034e+00
7.207000e-07	1.000034e+00
7.210000e-07	1.000034e+00
7.213000e-07	1.000034e+00
7.216000e-07	1.000034e+00
7.219000e-07	1.000034e+00
7.222000e-07	1.000034e+00
7.225000e-07	1.000034e+00
7.228000e-07	1.000034e+00
7.231000e-07	1.000034e+00
7.234000e-07	1.000034e+00
7.237000e-07	1.000034e+00
7.240000e-07	1.000034e+00
7.243000e-07	1.000034e+00
7.246000e-07	1.000034e+00
7.249000e-07	1.000034e+00
7.252000e-07	1.000034e+00
7.255000e-07	1.000034e+00
7.258000e-07	1.000034e+00
7.261000e-07	1.000034e+00
7.264000e-07	1.000034e+00
7.267000e-07	1.000034e+00
7.270000e-07	1.000034e+00
7.273000e-07	1.000034e+00
7.276000e-07	1.000034e+00
7.279000e-07	1.000034e+00
7.282000e-07	1.000034e+00
7.285000e-07	1.000034e+00
7.288000e-07	1.000034e+00
7.291000e-07	1.000034e+00
7.294000e-07	1.000034e+00
7.297000e-07	1.000034e+00
7.300000e-07	1.000034e+00
7.303000e-07	1.000034e+00
7.306000e-07	1.000034e+00
7.309000e-07	1.000034e+00
7.312000e-07	1.000034e+00
7.315000e-07	1.000034e+00
7.318000e-07	1.000034e+00
7.321000e-07	1.000034e+00
7.324000e-07	1.000034e+00
7.327000e-07	1.000034e+00
7.330000e-07	1.000034e+00
7.333000e-07	1.000034e+00
7.336000e-07	1.000034e+00
7.339000e-07	1.000034e+00
7.342000e-07	1.000034e+00
7.345000e-07	1.000034e+00
7.348000e-07	1.000034e+00
7.351000e-07	1.000034e+00
7.354000e-07	1.000034e+00
7.357000e-07	1.000034e+00
7.360000e-07	1.000034e+00
7.363000e-07	1.000034e+00
7.366000e-07	1.000034e+00
7.369000e-07	1.000034e+00
7.372000e-07	1.000034e+00
7.375000e-07	1.000034e+00
7.378000e-07	1.000034e+00
7.381000e-07	1.000034e+00
7.384000e-07	1.000034e+00
7.387000e-07	1.000034e+00
7.390000e-07	1.000034e+00
7.393000e-07	1.000034e+00
7.396000e-07	1.000034e+00
7.399000e-07	1.000034e+00
7.402000e-07	1.000034e+00
7.405000e-07	1.000034e+00
7.408000e-07	1.000034e+00
7.411000e-07	1.000034e+00
7.414000e-07	1.000034e+00
7.417000e-07	1.000034e+00
7.420000e-07	1.000034e+00
7.423000e-07	1.000034e+00
7.426000e-07	1.000034e+00
7.429000e-07	1.000034e+00
7.432000e-07	1.000034e+00
7.435000e-07	1.000034e+00
7.438000e-07	1.000034e+00
7.441000e-07	1.000034e+00
7.444000e-07	1.000034e+00
7.447000e-07	1.000034e+00
7.450000e-07	1.000034e+00
7.453000e-07	1.000034e+00
7.456000e-07	1.000034e+00
7.459000e-07	1.000034e+00
7.462000e-07	1.000034e+00
7.465000e-07	1.000034e+00
7.468000e-07	1.000034e+00
7.471000e-07	1.000034e+00
7.474000e-07	1.000034e+00
7.477000e-07	1.000034e+00
7.480000e-07	1.000034e+00
7.483000e-07	1.000034e+00
7.486000e-07	1.000034e+00
7.489000e-07	1.000034e+00
7.492000e-07	1.000034e+00
7.495000e-07	1.000034e+00
7.498000e-07	1.000034e+00
7.501000e-07	1.000034e+00
7.504000e-07	1.000034e+00
7.507000e-07	1.000034e+00
7.510000e-07	1.000034e+00
7.513000e-07	1.000034e+00
7.516000e-07	1.000034e+00
7.519000e-07	1.000034e+00
7.522000e-07	1.000034e+00
7.525000e-07	1.000034e+00
7.528000e-07	1.000034e+00
7.531000e-07	1.000034e+00
7.534000e-07	1.000034e+00
7.537000e-07	1.000034e+00
7.540000e-07	1.000034e+00
7.543000e-07	1.000034e+00
7.546000e-07	1.000034e+00
7.549000e-07	1.000034e+00
7.552000e-07	1.000034e+00
7.555000e-07	1.000034e+00
7.558000e-07	1.000034e+00
7.561000e-07	1.000034e+00
7.564000e-07	1.000034e+00
7.567000e-07	1.000034e+00
7.570000e-07	1.000034e+00
7.573000e-07	1.000034e+00
7.576000e-07	1.000034e+00
7.579000e-07	1.000034e+00
7.582000e-07	1.000034e+00
7.585000e-07	1.000034e+00
7.588000e-07	1.000034e+00
7.591000e-07	1.000034e+00
7.594000e-07	1.000034e+00
7.597000e-07	1.000034e+00
7.600000e-07	1.000034e+00
7.603000e-07	1.000034e+00
7.606000e-07	1.000034e+00
7.609000e-07	1.000034e+00
7.612000e-07	1.000034e+00
7.615000e-07	1.000034e+00
7.618000e-07	1.000034e+00
7.621000e-07	1.000034e+00
7.624000e-07	1.000034e+00
7.627000e-07	1.000034e+00
7.630000e-07	1.000034e+00
7.633000e-07	1.000034e+00
7.636000e-07	1.000034e+00
7.639000e-07	1.000034e+00
7.642000e-07	1.000034e+00
7.645000e-07	1.000034e+00
7.648000e-07	1.000034e+00
7.651000e-07	1.000034e+00
7.654000e-07	1.000034e+00
7.657000e-07	1.000034e+00
7.660000e-07	1.000034e+00
7.663000e-07	1.000034e+00
7.666000e-07	1.000034e+00
7.669000e-07	1.000034e+00
7.672000e-07	1.000034e+00
7.675000e-07	1.000034e+00
7.678000e-07	1.000034e+00
7.681000e-07	1.000034e+00
7.684000e-07	1.000034e+00
7.687000e-07	1.000034e+00
7.690000e-07	1.000034e+00
7.693000e-07	1.000034e+00
7.696000e-07	1.000034e+00
7.699000e-07	1.000034e+00
7.702000e-07	1.000034e+00
7.705000e-07	1.000034e+00
7.708000e-07	1.000034e+00
7.711000e-07	1.000034e+00
7.714000e-07	1.000034e+00
7.717000e-07	1.000034e+00
7.720000e-07	1.000034e+00
7.723000e-07	1.000034e+00
7.726000e-07	1.000034e+00
7.729000e-07	1.000034e+00
7.732000e-07	1.000034e+00
7.735000e-07	1.000034e+00
7.738000e-07	1.000034e+00
7.741000e-07	1.000034e+00
7.744000e-07	1.000034e+00
7.747000e-07	1.000034e+00
7.750000e-07	1.000034e+00
7.753000e-07	1.000034e+00
7.756000e-07	1.000034e+00
7.759000e-07	1.000034e+00
7.762000e-07	1.000034e+00
7.765000e-07	1.000034e+00
7.768000e-07	1.000034e+00
7.771000e-07	1.000034e+00
7.774000e-07	1.000034e+00
7.777000e-07	1.000034e+00
7.780000e-07	1.000034e+00
7.783000e-07	1.000034e+00
7.786000e-07	1.000034e+00
7.789000e-07	1.000034e+00
7.792000e-07	1.000034e+00
7.795000e-07	1.000034e+00
7.798000e-07	1.000034e+00
7.801000e-07	1.000034e+00
7.804000e-07	1.000034e+00
7.807000e-07	1.000034e+00
7.810000e-07	1.000034e+00
7.813000e-07	1.000034e+00
7.816000e-07	1.000034e+00
7.819000e-07	1.000034e+00
7.822000e-07	1.000034e+00
7.825000e-07	1.000034e+00
7.828000e-07	1.000034e+00
7.831000e-07	1.000034e+00
7.834000e-07	1.000034e+00
7.837000e-07	1.000034e+00
7.840000e-07	1.000034e+00
7.843000e-07	1.000034e+00
7.846000e-07	1.000034e+00
7.849000e-07	1.000034e+00
7.852000e-07	1.000034e+00
7.855000e-07	1.000034e+00
7.858000e-07	1.000034e+00
7.861000e-07	1.000034e+00
7.864000e-07	1.000034e+00
7.867000e-07	1.000034e+00
7.870000e-07	1.000034e+00
7.873000e-07	1.000034e+00
7.876000e-07	1.000034e+00
7.879000e-07	1.000034e+00
7.882000e-07	1.000034e+00
7.885000e-07	1.000034e+00
7.888000e-07	1.000034e+00
7.891000e-07	1.000034e+00
7.894000e-07	1.000034e+00
7.897000e-07	1.000034e+00
7.900000e-07	1.000034e+00
7.903000e-07	1.000034e+00
7.906000e-07	1.000034e+00
7.909000e-07	1.000034e+00
7.912000e-07	1.000034e+00
7.915000e-07	1.000034e+00
7.918000e-07	1.000034e+00
7.921000e-07	1.000034e+00
7.924000e-07	1.000034e+00
7.927000e-07	1.000034e+00
7.930000e-07	1.000034e+00
7.933000e-07	1.000034e+00
7.936000e-07	1.000034e+00
7.939000e-07	1.000034e+00
7.942000e-07	1.000034e+00
7.945000e-07	1.000034e+00
7.948000e-07	1.000034e+00
7.951000e-07	1.000034e+00
7.954000e-07	1.000034e+00
7.957000e-07	1.000034e+00
7.960000e-07	1.000034e+00
7.963000e-07	1.000034e+00
7.966000e-07	1.000034e+00
7.969000e-07	1.000034e+00
7.972000e-07	1.000034e+00
7.975000e-07	1.000034e+00
7.978000e-07	1.000034e+00
7.981000e-07	1.000034e+00
7.984000e-07	1.000034e+00
7.987000e-07	1.000034e+00
7.990000e-07	1.000034e+00
7.993000e-07	1.000034e+00
7.996000e-07	1.000034e+00
7.999000e-07	1.000034e+00
8.002000e-07	1.000034e+00
8.005000e-07	1.000034e+00
8.008000e-07	1.000034e+00
8.011000e-07	1.000034e+00
8.014000e-07	1.000034e+00
8.017000e-07	1.000034e+00
8.020000e-07	1.000034e+00
8.023000e-07	1.000034e+00
8.026000e-07	1.000034e+00
8.029000e-07	1.000034e+00
8.032000e-07	1.000034e+00
8.035000e-07	1.000034e+00
8.038000e-07	1.000034e+00
8.041000e-07	1.000034e+00
8.044000e-07	1.000034e+00
8.047000e-07	1.000034e+00
8.050000e-07	1.000034e+00
8.053000e-07	1.000034e+00
8.056000e-07	1.000034e+00
8.059000e-07	1.000034e+00
8.062000e-07	1.000034e+00
8.065000e-07	1.000034e+00
8.068000e-07	1.000034e+00
8.071000e-07	1.000034e+00
8.074000e-07	1.000034e+00
8.077000e-07	1.000034e+00
8.080000e-07	1.000034e+00
8.083000e-07	1.000034e+00
8.086000e-07	1.000034e+00
8.089000e-07	1.000034e+00
8.092000e-07	1.000034e+00
8.095000e-07	1.000034e+00
8.098000e-07	1.000034e+00
8.101000e-07	1.000034e+00
8.104000e-07	1.000034e+00
8.107000e-07	1.000034e+00
8.110000e-07	1.000034e+00
8.113000e-07	1.000034e+00
8.116000e-07	1.000034e+00
8.119000e-07	1.000034e+00
8.122000e-07	1.000034e+00
8.125000e-07	1.000034e+00
8.128000e-07	1.000034e+00
8.131000e-07	1.000034e+00
8.134000e-07	1.000034e+00
8.137000e-07	1.000034e+00
8.140000e-07	1.000034e+00
8.143000e-07	1.000034e+00
8.146000e-07	1.000034e+00
8.149000e-07	1.000034e+00
8.152000e-07	1.000034e+00
8.155000e-07	1.000034e+00
8.158000e-07	1.000034e+00
8.161000e-07	1.000034e+00
8.164000e-07	1.000034e+00
8.167000e-07	1.000034e+00
8.170000e-07	1.000034e+00
8.173000e-07	1.000034e+00
8.176000e-07	1.000034e+00
8.179000e-07	1.000034e+00
8.182000e-07	1.000034e+00
8.185000e-07	1.000034e+00
8.188000e-07	1.000034e+00
8.191000e-07	1.000034e+00
8.194000e-07	1.000034e+00
8.197000e-07	1.000034e+00
8.200000e-07	1.000034e+00
8.203000e-07	1.000034e+00
8.206000e-07	1.000034e+00
8.209000e-07	1.000034e+00
8.212000e-07	1.000034e+00
8.215000e-07	1.000034e+00
8.218000e-07	1.000034e+00
8.221000e-07	1.000034e+00
8.224000e-07	1.000034e+00
8.227000e-07	1.000034e+00
8.230000e-07	1.000034e+00
8.233000e-07	1.000034e+00
8.236000e-07	1.000034e+00
8.239000e-07	1.000034e+00
8.242000e-07	1.000034e+00
8.245000e-07	1.000034e+00
8.248000e-07	1.000034e+00
8.251000e-07	1.000034e+00
8.254000e-07	1.000034e+00
8.257000e-07	1.000034e+00
8.260000e-07	1.000034e+00
8.263000e-07	1.000034e+00
8.266000e-07	1.000034e+00
8.269000e-07	1.000034e+00
8.272000e-07	1.000034e+00
8.275000e-07	1.000034e+00
8.278000e-07	1.000034e+00
8.281000e-07	1.000034e+00
8.284000e-07	1.000034e+00
8.287000e-07	1.000034e+00
8.290000e-07	1.000034e+00
8.293000e-07	1.000034e+00
8.296000e-07	1.000034e+00
8.299000e-07	1.000034e+00
8.302000e-07	1.000034e+00
8.305000e-07	1.000034e+00
8.308000e-07	1.000034e+00
8.311000e-07	1.000034e+00
8.314000e-07	1.000034e+00
8.317000e-07	1.000034e+00
8.320000e-07	1.000034e+00
8.323000e-07	1.000034e+00
8.326000e-07	1.000034e+00
8.329000e-07	1.000034e+00
8.332000e-07	1.000034e+00
8.335000e-07	1.000034e+00
8.338000e-07	1.000034e+00
8.341000e-07	1.000034e+00
8.344000e-07	1.000034e+00
8.347000e-07	1.000034e+00
8.350000e-07	1.000034e+00
8.353000e-07	1.000034e+00
8.356000e-07	1.000034e+00
8.359000e-07	1.000034e+00
8.362000e-07	1.000034e+00
8.365000e-07	1.000034e+00
8.368000e-07	1.000034e+00
8.371000e-07	1.000034e+00
8.374000e-07	1.000034e+00
8.377000e-07	1.000034e+00
8.380000e-07	1.000034e+00
8.383000e-07	1.000034e+00
8.386000e-07	1.000034e+00
8.389000e-07	1.000034e+00
8.392000e-07	1.000034e+00
8.395000e-07	1.000034e+00
8.398000e-07	1.000034e+00
8.401000e-07	1.000034e+00
8.404000e-07	1.000034e+00
8.407000e-07	1.000034e+00
8.410000e-07	1.000034e+00
8.413000e-07	1.000034e+00
8.416000e-07	1.000034e+00
8.419000e-07	1.000034e+00
8.422000e-07	1.000034e+00
8.425000e-07	1.000034e+00
8.428000e-07	1.000034e+00
8.431000e-07	1.000034e+00
8.434000e-07	1.000034e+00
8.437000e-07	1.000034e+00
8.440000e-07	1.000034e+00
8.443000e-07	1.000034e+00
8.446000e-07	1.000034e+00
8.449000e-07	1.000034e+00
8.452000e-07	1.000034e+00
8.455000e-07	1.000034e+00
8.458000e-07	1.000034e+00
8.461000e-07	1.000034e+00
8.464000e-07	1.000034e+00
8.467000e-07	1.000034e+00
8.470000e-07	1.000034e+00
8.473000e-07	1.000034e+00
8.476000e-07	1.000034e+00
8.479000e-07	1.000034e+00
8.482000e-07	1.000034e+00
8.485000e-07	1.000034e+00
8.488000e-07	1.000034e+00
8.491000e-07	1.000034e+00
8.494000e-07	1.000034e+00
8.497000e-07	1.000034e+00
8.500000e-07	1.000034e+00
8.503000e-07	1.000034e+00
8.506000e-07	1.000034e+00
8.509000e-07	1.000034e+00
8.512000e-07	1.000034e+00
8.515000e-07	1.000034e+00
8.518000e-07	1.000034e+00
8.521000e-07	1.000034e+00
8.524000e-07	1.000034e+00
8.527000e-07	1.000034e+00
8.530000e-07	1.000034e+00
8.533000e-07	1.000034e+00
8.536000e-07	1.000034e+00
8.539000e-07	1.000034e+00
8.542000e-07	1.000034e+00
8.545000e-07	1.000034e+00
8.548000e-07	1.000034e+00
8.551000e-07	1.000034e+00
8.554000e-07	1.000034e+00
8.557000e-07	1.000034e+00
8.560000e-07	1.000034e+00
8.563000e-07	1.000034e+00
8.566000e-07	1.000034e+00
8.569000e-07	1.000034e+00
8.572000e-07	1.000034e+00
8.575000e-07	1.000034e+00
8.578000e-07	1.000034e+00
8.581000e-07	1.000034e+00
8.584000e-07	1.000034e+00
8.587000e-07	1.000034e+00
8.590000e-07	1.000034e+00
8.593000e-07	1.000034e+00
8.596000e-07	1.000034e+00
8.599000e-07	1.000034e+00
8.602000e-07	1.000034e+00
8.605000e-07	1.000034e+00
8.608000e-07	1.000034e+00
8.611000e-07	1.000034e+00
8.614000e-07	1.000034e+00
8.617000e-07	1.000034e+00
8.620000e-07	1.000034e+00
8.623000e-07	1.000034e+00
8.626000e-07	1.000034e+00
8.629000e-07	1.000034e+00
8.632000e-07	1.000034e+00
8.635000e-07	1.000034e+00
8.638000e-07	1.000034e+00
8.641000e-07	1.000034e+00
8.644000e-07	1.000034e+00
8.647000e-07	1.000034e+00
8.650000e-07	1.000034e+00
8.653000e-07	1.000034e+00
8.656000e-07	1.000034e+00
8.659000e-07	1.000034e+00
8.662000e-07	1.000034e+00
8.665000e-07	1.000034e+00
8.668000e-07	1.000034e+00
8.671000e-07	1.000034e+00
8.674000e-07	1.000034e+00
8.677000e-07	1.000034e+00
8.680000e-07	1.000034e+00
8.683000e-07	1.000034e+00
8.686000e-07	1.000034e+00
8.689000e-07	1.000034e+00
8.692000e-07	1.000034e+00
8.695000e-07	1.000034e+00
8.698000e-07	1.000034e+00
8.701000e-07	1.000034e+00
8.704000e-07	1.000034e+00
8.707000e-07	1.000034e+00
8.710000e-07	1.000034e+00
8.713000e-07	1.000034e+00
8.716000e-07	1.000034e+00
8.719000e-07	1.000034e+00
8.722000e-07	1.000034e+00
8.725000e-07	1.000034e+00
8.728000e-07	1.000034e+00
8.731000e-07	1.000034e+00
8.734000e-07	1.000034e+00
8.737000e-07	1.000034e+00
8.740000e-07	1.000034e+00
8.743000e-07	1.000034e+00
8.746000e-07	1.000034e+00
8.749000e-07	1.000034e+00
8.752000e-07	1.000034e+00
8.755000e-07	1.000034e+00
8.758000e-07	1.000034e+00
8.761000e-07	1.000034e+00
8.764000e-07	1.000034e+00
8.767000e-07	1.000034e+00
8.770000e-07	1.000034e+00
8.773000e-07	1.000034e+00
8.776000e-07	1.000034e+00
8.779000e-07	1.000034e+00
8.782000e-07	1.000034e+00
8.785000e-07	1.000034e+00
8.788000e-07	1.000034e+00
8.791000e-07	1.000034e+00
8.794000e-07	1.000034e+00
8.797000e-07	1.000034e+00
8.800000e-07	1.000034e+00
8.803000e-07	1.000034e+00
8.806000e-07	1.000034e+00
8.809000e-07	1.000034e+00
8.812000e-07	1.000034e+00
8.815000e-07	1.000034e+00
8.818000e-07	1.000034e+00
8.821000e-07	1.000034e+00
8.824000e-07	1.000034e+00
8.827000e-07	1.000034e+00
8.830000e-07	1.000034e+00
8.833000e-07	1.000034e+00
8.836000e-07	1.000034e+00
8.839000e-07	1.000034e+00
8.842000e-07	1.000034e+00
8.845000e-07	1.000034e+00
8.848000e-07	1.000034e+00
8.851000e-07	1.000034e+00
8.854000e-07	1.000034e+00
8.857000e-07	1.000034e+00
8.860000e-07	1.000034e+00
8.863000e-07	1.000034e+00
8.866000e-07	1.000034e+00
8.869000e-07	1.000034e+00
8.872000e-07	1.000034e+00
8.875000e-07	1.000034e+00
8.878000e-07	1.000034e+00
8.881000e-07	1.000034e+00
8.884000e-07	1.000034e+00
8.887000e-07	1.000034e+00
8.890000e-07	1.000034e+00
8.893000e-07	1.000034e+00
8.896000e-07	1.000034e+00
8.899000e-07	1.000034e+00
8.902000e-07	1.000034e+00
8.905000e-07	1.000034e+00
8.908000e-07	1.000034e+00
8.911000e-07	1.000034e+00
8.914000e-07	1.000034e+00
8.917000e-07	1.000034e+00
8.920000e-07	1.000034e+00
8.923000e-07	1.000034e+00
8.926000e-07	1.000034e+00
8.929000e-07	1.000034e+00
8.932000e-07	1.000034e+00
8.935000e-07	1.000034e+00
8.938000e-07	1.000034e+00
8.941000e-07	1.000034e+00
8.944000e-07	1.000034e+00
8.947000e-07	1.000034e+00
8.950000e-07	1.000034e+00
8.953000e-07	1.000034e+00
8.956000e-07	1.000034e+00
8.959000e-07	1.000034e+00
8.962000e-07	1.000034e+00
8.965000e-07	1.000034e+00
8.968000e-07	1.000034e+00
8.971000e-07	1.000034e+00
8.974000e-07	1.000034e+00
8.977000e-07	1.000034e+00
8.980000e-07	1.000034e+00
8.983000e-07	1.000034e+00
8.986000e-07	1.000034e+00
8.989000e-07	1.000034e+00
8.992000e-07	1.000034e+00
8.995000e-07	1.000034e+00
8.998000e-07	1.000034e+00
9.001000e-07	1.000034e+00
9.004000e-07	1.000034e+00
9.007000e-07	1.000034e+00
9.010000e-07	1.000034e+00
9.013000e-07	1.000034e+00
9.016000e-07	1.000034e+00
9.019000e-07	1.000034e+00
9.022000e-07	1.000034e+00
9.025000e-07	1.000034e+00
9.028000e-07	1.000034e+00
9.031000e-07	1.000034e+00
9.034000e-07	1.000034e+00
9.037000e-07	1.000034e+00
9.040000e-07	1.000034e+00
9.043000e-07	1.000034e+00
9.046000e-07	1.000034e+00
9.049000e-07	1.000034e+00
9.052000e-07	1.000034e+00
9.055000e-07	1.000034e+00
9.058000e-07	1.000034e+00
9.061000e-07	1.000034e+00
9.064000e-07	1.000034e+00
9.067000e-07	1.000034e+00
9.070000e-07	1.000034e+00
9.073000e-07	1.000034e+00
9.076000e-07	1.000034e+00
9.079000e-07	1.000034e+00
9.082000e-07	1.000034e+00
9.085000e-07	1.000034e+00
9.088000e-07	1.000034e+00
9.091000e-07	1.000034e+00
9.094000e-07	1.000034e+00
9.097000e-07	1.000034e+00
9.100000e-07	1.000034e+00
9.103000e-07	1.000034e+00
9.106000e-07	1.000034e+00
9.109000e-07	1.000034e+00
9.112000e-07	1.000034e+00
9.115000e-07	1.000034e+00
9.118000e-07	1.000034e+00
9.121000e-07	1.000034e+00
9.124000e-07	1.000034e+00
9.127000e-07	1.000034e+00
9.130000e-07	1.000034e+00
9.133000e-07	1.000034e+00
9.136000e-07	1.000034e+00
9.139000e-07	1.000034e+00
9.142000e-07	1.000034e+00
9.145000e-07	1.000034e+00
9.148000e-07	1.000034e+00
9.151000e-07	1.000034e+00
9.154000e-07	1.000034e+00
9.157000e-07	1.000034e+00
9.160000e-07	1.000034e+00
9.163000e-07	1.000034e+00
9.166000e-07	1.000034e+00
9.169000e-07	1.000034e+00
9.172000e-07	1.000034e+00
9.175000e-07	1.000034e+00
9.178000e-07	1.000034e+00
9.181000e-07	1.000034e+00
9.184000e-07	1.000034e+00
9.187000e-07	1.000034e+00
9.190000e-07	1.000034e+00
9.193000e-07	1.000034e+00
9.196000e-07	1.000034e+00
9.199000e-07	1.000034e+00
9.202000e-07	1.000034e+00
9.205000e-07	1.000034e+00
9.208000e-07	1.000034e+00
9.211000e-07	1.000034e+00
9.214000e-07	1.000034e+00
9.217000e-07	1.000034e+00
9.220000e-07	1.000034e+00
9.223000e-07	1.000034e+00
9.226000e-07	1.000034e+00
9.229000e-07	1.000034e+00
9.232000e-07	1.000034e+00
9.235000e-07	1.000034e+00
9.238000e-07	1.000034e+00
9.241000e-07	1.000034e+00
9.244000e-07	1.000034e+00
9.247000e-07	1.000034e+00
9.250000e-07	1.000034e+00
9.253000e-07	1.000034e+00
9.256000e-07	1.000034e+00
9.259000e-07	1.000034e+00
9.262000e-07	1.000034e+00
9.265000e-07	1.000034e+00
9.268000e-07	1.000034e+00
9.271000e-07	1.000034e+00
9.274000e-07	1.000034e+00
9.277000e-07	1.000034e+00
9.280000e-07	1.000034e+00
9.283000e-07	1.000034e+00
9.286000e-07	1.000034e+00
9.289000e-07	1.000034e+00
9.292000e-07	1.000034e+00
9.295000e-07	1.000034e+00
9.298000e-07	1.000034e+00
9.301000e-07	1.000034e+00
9.304000e-07	1.000034e+00
9.307000e-07	1.000034e+00
9.310000e-07	1.000034e+00
9.313000e-07	1.000034e+00
9.316000e-07	1.000034e+00
9.319000e-07	1.000034e+00
9.322000e-07	1.000034e+00
9.325000e-07	1.000034e+00
9.328000e-07	1.000034e+00
9.331000e-07	1.000034e+00
9.334000e-07	1.000034e+00
9.337000e-07	1.000034e+00
9.340000e-07	1.000034e+00
9.343000e-07	1.000034e+00
9.346000e-07	1.000034e+00
9.349000e-07	1.000034e+00
9.352000e-07	1.000034e+00
9.355000e-07	1.000034e+00
9.358000e-07	1.000034e+00
9.361000e-07	1.000034e+00
9.364000e-07	1.000034e+00
9.367000e-07	1.000034e+00
9.370000e-07	1.000034e+00
9.373000e-07	1.000034e+00
9.376000e-07	1.000034e+00
9.379000e-07	1.000034e+00
9.382000e-07	1.000034e+00
9.385000e-07	1.000034e+00
9.388000e-07	1.000034e+00
9.391000e-07	1.000034e+00
9.394000e-07	1.000034e+00
9.397000e-07	1.000034e+00
9.400000e-07	1.000034e+00
9.403000e-07	1.000034e+00
9.406000e-07	1.000034e+00
9.409000e-07	1.000034e+00
9.412000e-07	1.000034e+00
9.415000e-07	1.000034e+00
9.418000e-07	1.000034e+00
9.421000e-07	1.000034e+00
9.424000e-07	1.000034e+00
9.427000e-07	1.000034e+00
9.430000e-07	1.000034e+00
9.433000e-07	1.000034e+00
9.436000e-07	1.000034e+00
9.439000e-07	1.000034e+00
9.442000e-07	1.000034e+00
9.445000e-07	1.000034e+00
9.448000e-07	1.000034e+00
9.451000e-07	1.000034e+00
9.454000e-07	1.000034e+00
9.457000e-07	1.000034e+00
9.460000e-07	1.000034e+00
9.463000e-07	1.000034e+00
9.466000e-07	1.000034e+00
9.469000e-07	1.000034e+00
9.472000e-07	1.000034e+00
9.475000e-07	1.000034e+00
9.478000e-07	1.000034e+00
9.481000e-07	1.000034e+00
9.484000e-07	1.000034e+00
9.487000e-07	1.000034e+00
9.490000e-07	1.000034e+00
9.493000e-07	1.000034e+00
9.496000e-07	1.000034e+00
9.499000e-07	1.000034e+00
9.502000e-07	1.000034e+00
9.505000e-07	1.000034e+00
9.508000e-07	1.000034e+00
9.511000e-07	1.000034e+00
9.514000e-07	1.000034e+00
9.517000e-07	1.000034e+00
9.520000e-07	1.000034e+00
9.523000e-07	1.000034e+00
9.526000e-07	1.000034e+00
9.529000e-07	1.000034e+00
9.532000e-07	1.000034e+00
9.535000e-07	1.000034e+00
9.538000e-07	1.000034e+00
9.541000e-07	1.000034e+00
9.544000e-07	1.000034e+00
9.547000e-07	1.000034e+00
9.550000e-07	1.000034e+00
9.553000e-07	1.000034e+00
9.556000e-07	1.000034e+00
9.559000e-07	1.000034e+00
9.562000e-07	1.000034e+00
9.565000e-07	1.000034e+00
9.568000e-07	1.000034e+00
9.571000e-07	1.000034e+00
9.574000e-07	1.000034e+00
9.577000e-07	1.000034e+00
9.580000e-07	1.000034e+00
9.583000e-07	1.000034e+00
9.586000e-07	1.000034e+00
9.589000e-07	1.000034e+00
9.592000e-07	1.000034e+00
9.595000e-07	1.000034e+00
9.598000e-07	1.000034e+00
9.601000e-07	1.000034e+00
9.604000e-07	1.000034e+00
9.607000e-07	1.000034e+00
9.610000e-07	1.000034e+00
9.613000e-07	1.000034e+00
9.616000e-07	1.000034e+00
9.619000e-07	1.000034e+00
9.622000e-07	1.000034e+00
9.625000e-07	1.000034e+00
9.628000e-07	1.000034e+00
9.631000e-07	1.000034e+00
9.634000e-07	1.000034e+00
9.637000e-07	1.000034e+00
9.640000e-07	1.000034e+00
9.643000e-07	1.000034e+00
9.646000e-07	1.000034e+00
9.649000e-07	1.000034e+00
9.652000e-07	1.000034e+00
9.655000e-07	1.000034e+00
9.658000e-07	1.000034e+00
9.661000e-07	1.000034e+00
9.664000e-07	1.000034e+00
9.667000e-07	1.000034e+00
9.670000e-07	1.000034e+00
9.673000e-07	1.000034e+00
9.676000e-07	1.000034e+00
9.679000e-07	1.000034e+00
9.682000e-07	1.000034e+00
9.685000e-07	1.000034e+00
9.688000e-07	1.000034e+00
9.691000e-07	1.000034e+00
9.694000e-07	1.000034e+00
9.697000e-07	1.000034e+00
9.700000e-07	1.000034e+00
9.703000e-07	1.000034e+00
9.706000e-07	1.000034e+00
9.709000e-07	1.000034e+00
9.712000e-07	1.000034e+00
9.715000e-07	1.000034e+00
9.718000e-07	1.000034e+00
9.721000e-07	1.000034e+00
9.724000e-07	1.000034e+00
9.727000e-07	1.000034e+00
9.730000e-07	1.000034e+00
9.733000e-07	1.000034e+00
9.736000e-07	1.000034e+00
9.739000e-07	1.000034e+00
9.742000e-07	1.000034e+00
9.745000e-07	1.000034e+00
9.748000e-07	1.000034e+00
9.751000e-07	1.000034e+00
9.754000e-07	1.000034e+00
9.757000e-07	1.000034e+00
9.760000e-07	1.000034e+00
9.763000e-07	1.000034e+00
9.766000e-07	1.000034e+00
9.769000e-07	1.000034e+00
9.772000e-07	1.000034e+00
9.775000e-07	1.000034e+00
9.778000e-07	1.000034e+00
9.781000e-07	1.000034e+00
9.784000e-07	1.000034e+00
9.787000e-07	1.000034e+00
9.790000e-07	1.000034e+00
9.793000e-07	1.000034e+00
9.796000e-07	1.000034e+00
9.799000e-07	1.000034e+00
9.802000e-07	1.000034e+00
9.805000e-07	1.000034e+00
9.808000e-07	1.000034e+00
9.811000e-07	1.000034e+00
9.814000e-07	1.000034e+00
9.817000e-07	1.000034e+00
9.820000e-07	1.000034e+00
9.823000e-07	1.000034e+00
9.826000e-07	1.000034e+00
9.829000e-07	1.000034e+00
9.832000e-07	1.000034e+00
9.835000e-07	1.000034e+00
9.838000e-07	1.000034e+00
9.841000e-07	1.000034e+00
9.844000e-07	1.000034e+00
9.847000e-07	1.000034e+00
9.850000e-07	1.000034e+00
9.853000e-07	1.000034e+00
9.856000e-07	1.000034e+00
9.859000e-07	1.000034e+00
9.862000e-07	1.000034e+00
9.865000e-07	1.000034e+00
9.868000e-07	1.000034e+00
9.871000e-07	1.000034e+00
9.874000e-07	1.000034e+00
9.877000e-07	1.000034e+00
9.880000e-07	1.000034e+00
9.883000e-07	1.000034e+00
9.886000e-07	1.000034e+00
9.889000e-07	1.000034e+00
9.892000e-07	1.000034e+00
9.895000e-07	1.000034e+00
9.898000e-07	1.000034e+00
9.901000e-07	1.000034e+00
9.904000e-07	1.000034e+00
9.907000e-07	1.000034e+00
9.910000e-07	1.000034e+00
9.913000e-07	1.000034e+00
9.916000e-07	1.000034e+00
9.919000e-07	1.000034e+00
9.922000e-07	1.000034e+00
9.925000e-07	1.000034e+00
9.928000e-07	1.000034e+00
9.931000e-07	1.000034e+00
9.934000e-07	1.000034e+00
9.937000e-07	1.000034e+00
9.940000e-07	1.000034e+00
9.943000e-07	1.000034e+00
9.946000e-07	1.000034e+00
9.949000e-07	1.000034e+00
9.952000e-07	1.000034e+00
9.955000e-07	1.000034e+00
9.958000e-07	1.000034e+00
9.961000e-07	1.000034e+00
9.964000e-07	1.000034e+00
9.967000e-07	1.000034e+00
9.970000e-07	1.000034e+00
9.973000e-07	1.000034e+00
9.976000e-07	1.000034e+00
9.979000e-07	1.000034e+00
9.982000e-07	1.000034e+00
9.985000e-07	1.000034e+00
9.988000e-07	1.000034e+00
9.991000e-07	1.000034e+00
9.994000e-07	1.000034e+00
9.997000e-07	1.000034e+00