#oghma_csv {"title":"Light intensity of AM 1.5 Sun","type":"xy","y_label":"Wavelength","data_label":"Intensity","y_units":"nm","y_mul":1000000000.0,"data_units":"m^{-1}.W.m(^-2)","icon":"spectra_file","time ":0.0,"Vexternal":0.0,"x_len":1,"y_len":2002,"z_len":1,"cols":"yd"}*
2.800000e-07	4.730900e-14
2.805000e-07	1.230700e-12
2.810000e-07	5.689500e-12
2.815000e-07	1.566200e-10
2.820000e-07	1.194600e-09
2.825000e-07	4.543600e-09
2.830000e-07	1.845200e-08
2.835000e-07	3.536000e-08
2.840000e-07	7.267000e-07
2.845000e-07	2.485600e-06
2.850000e-07	8.014200e-06
2.855000e-07	4.261300e-05
2.860000e-07	1.368400e-04
2.865000e-07	8.382300e-04
2.870000e-07	2.736700e-03
2.875000e-07	1.090300e-02
2.880000e-07	6.233700e-02
2.885000e-07	1.716200e-01
2.890000e-07	5.626500e-01
2.895000e-07	2.074900e+00
2.900000e-07	6.016800e+00
2.905000e-07	1.378300e+01
2.910000e-07	3.505200e+01
2.915000e-07	1.091300e+02
2.920000e-07	2.683000e+02
2.925000e-07	4.268500e+02
2.930000e-07	8.646600e+02
2.935000e-07	2.270700e+03
2.940000e-07	4.174400e+03
2.945000e-07	6.591100e+03
2.950000e-07	1.229000e+04
2.955000e-07	2.782600e+04
2.960000e-07	4.790400e+04
2.965000e-07	7.134500e+04
2.970000e-07	9.680000e+04
2.975000e-07	1.860800e+05
2.980000e-07	2.898800e+05
2.985000e-07	3.578900e+05
2.990000e-07	4.921100e+05
2.995000e-07	8.606800e+05
3.000000e-07	1.020500e+06
3.005000e-07	1.245000e+06
3.010000e-07	1.930000e+06
3.015000e-07	2.691400e+06
3.020000e-07	2.920900e+06
3.025000e-07	4.284000e+06
3.030000e-07	7.094500e+06
3.035000e-07	8.979500e+06
3.040000e-07	9.470100e+06
3.045000e-07	1.195300e+07
3.050000e-07	1.646300e+07
3.055000e-07	1.871900e+07
3.060000e-07	1.857700e+07
3.065000e-07	2.110800e+07
3.070000e-07	2.784900e+07
3.075000e-07	3.563500e+07
3.080000e-07	3.783700e+07
3.085000e-07	4.143000e+07
3.090000e-07	4.053400e+07
3.095000e-07	4.330600e+07
3.100000e-07	5.093900e+07
3.105000e-07	6.554000e+07
3.110000e-07	8.292200e+07
3.115000e-07	8.408000e+07
3.120000e-07	9.337600e+07
3.125000e-07	9.898400e+07
3.130000e-07	1.073300e+08
3.135000e-07	1.075700e+08
3.140000e-07	1.196900e+08
3.145000e-07	1.306000e+08
3.150000e-07	1.362500e+08
3.155000e-07	1.183800e+08
3.160000e-07	1.234800e+08
3.165000e-07	1.503600e+08
3.170000e-07	1.715800e+08
3.175000e-07	1.824500e+08
3.180000e-07	1.759400e+08
3.185000e-07	1.859100e+08
3.190000e-07	2.047000e+08
3.195000e-07	1.958900e+08
3.200000e-07	2.052700e+08
3.205000e-07	2.452500e+08
3.210000e-07	2.502400e+08
3.215000e-07	2.384300e+08
3.220000e-07	2.220300e+08
3.225000e-07	2.170900e+08
3.230000e-07	2.122600e+08
3.235000e-07	2.486100e+08
3.240000e-07	2.753700e+08
3.245000e-07	2.832100e+08
3.250000e-07	2.789400e+08
3.255000e-07	3.243600e+08
3.260000e-07	3.812000e+08
3.265000e-07	4.072200e+08
3.270000e-07	3.980600e+08
3.275000e-07	3.846500e+08
3.280000e-07	3.511600e+08
3.285000e-07	3.716400e+08
3.290000e-07	4.223500e+08
3.295000e-07	4.687800e+08
3.300000e-07	4.713900e+08
3.305000e-07	4.280000e+08
3.310000e-07	4.026200e+08
3.315000e-07	4.180600e+08
3.320000e-07	4.362300e+08
3.325000e-07	4.391900e+08
3.330000e-07	4.294400e+08
3.335000e-07	4.072400e+08
3.340000e-07	4.149700e+08
3.345000e-07	4.450900e+08
3.350000e-07	4.638800e+08
3.355000e-07	4.531300e+08
3.360000e-07	4.151900e+08
3.365000e-07	3.821400e+08
3.370000e-07	3.738000e+08
3.375000e-07	4.005100e+08
3.380000e-07	4.341100e+08
3.385000e-07	4.552700e+08
3.390000e-07	4.635500e+08
3.395000e-07	4.744600e+08
3.400000e-07	5.018000e+08
3.405000e-07	5.007100e+08
3.410000e-07	4.713900e+08
3.415000e-07	4.693500e+08
3.420000e-07	4.893400e+08
3.425000e-07	5.076700e+08
3.430000e-07	5.148900e+08
3.435000e-07	4.860900e+08
3.440000e-07	4.184300e+08
3.445000e-07	4.030700e+08
3.450000e-07	4.589800e+08
3.455000e-07	4.893200e+08
3.460000e-07	4.777800e+08
3.465000e-07	4.865700e+08
3.470000e-07	4.940400e+08
3.475000e-07	4.767400e+08
3.480000e-07	4.751100e+08
3.485000e-07	4.833600e+08
3.490000e-07	4.656400e+08
3.495000e-07	4.780500e+08
3.500000e-07	5.279800e+08
3.505000e-07	5.674100e+08
3.510000e-07	5.517200e+08
3.515000e-07	5.302200e+08
3.520000e-07	5.179100e+08
3.525000e-07	4.896200e+08
3.530000e-07	5.204000e+08
3.535000e-07	5.722800e+08
3.540000e-07	6.049800e+08
3.545000e-07	6.115600e+08
3.550000e-07	6.114000e+08
3.555000e-07	5.902800e+08
3.560000e-07	5.538700e+08
3.565000e-07	5.194200e+08
3.570000e-07	4.567300e+08
3.575000e-07	4.621500e+08
3.580000e-07	4.300600e+08
3.585000e-07	3.992600e+08
3.590000e-07	4.695300e+08
3.595000e-07	5.654900e+08
3.600000e-07	5.981700e+08
3.605000e-07	5.653100e+08
3.610000e-07	5.202400e+08
3.615000e-07	5.095600e+08
3.620000e-07	5.342000e+08
3.625000e-07	5.851000e+08
3.630000e-07	6.019100e+08
3.635000e-07	5.854100e+08
3.640000e-07	6.062800e+08
3.645000e-07	6.005800e+08
3.650000e-07	6.235900e+08
3.655000e-07	6.862800e+08
3.660000e-07	7.353200e+08
3.665000e-07	7.365800e+08
3.670000e-07	7.228500e+08
3.675000e-07	7.091400e+08
3.680000e-07	6.675900e+08
3.685000e-07	6.631000e+08
3.690000e-07	6.931500e+08
3.695000e-07	7.446900e+08
3.700000e-07	7.550700e+08
3.705000e-07	6.826100e+08
3.710000e-07	6.933800e+08
3.715000e-07	7.205100e+08
3.720000e-07	6.744400e+08
3.725000e-07	6.425300e+08
3.730000e-07	6.188600e+08
3.735000e-07	5.578600e+08
3.740000e-07	5.564000e+08
3.745000e-07	5.522700e+08
3.750000e-07	5.893000e+08
3.755000e-07	6.516200e+08
3.760000e-07	6.748000e+08
3.765000e-07	6.639000e+08
3.770000e-07	7.122500e+08
3.775000e-07	7.945500e+08
3.780000e-07	8.559500e+08
3.785000e-07	8.341800e+08
3.790000e-07	7.438900e+08
3.795000e-07	6.668300e+08
3.800000e-07	7.007700e+08
3.805000e-07	7.507500e+08
3.810000e-07	7.638300e+08
3.815000e-07	6.883700e+08
3.820000e-07	5.867800e+08
3.825000e-07	5.076200e+08
3.830000e-07	4.549900e+08
3.835000e-07	4.404900e+08
3.840000e-07	5.096800e+08
3.845000e-07	6.135900e+08
3.850000e-07	6.735500e+08
3.855000e-07	6.436300e+08
3.860000e-07	6.210000e+08
3.865000e-07	6.457000e+08
3.870000e-07	6.514700e+08
3.875000e-07	6.420400e+08
3.880000e-07	6.358200e+08
3.885000e-07	6.313600e+08
3.890000e-07	6.854300e+08
3.895000e-07	7.597000e+08
3.900000e-07	7.969900e+08
3.905000e-07	8.037100e+08
3.910000e-07	8.513800e+08
3.915000e-07	8.634400e+08
3.920000e-07	7.949300e+08
3.925000e-07	6.625700e+08
3.930000e-07	4.797500e+08
3.935000e-07	3.815200e+08
3.940000e-07	4.956700e+08
3.945000e-07	6.838500e+08
3.950000e-07	8.077200e+08
3.955000e-07	8.603800e+08
3.960000e-07	7.565500e+08
3.965000e-07	5.501700e+08
3.970000e-07	4.261900e+08
3.975000e-07	6.294500e+08
3.980000e-07	8.524900e+08
3.985000e-07	1.006900e+09
3.990000e-07	1.069300e+09
3.995000e-07	1.102100e+09
4.000000e-07	1.114100e+09
4.010000e-07	1.160300e+09
4.020000e-07	1.206100e+09
4.030000e-07	1.161300e+09
4.040000e-07	1.180100e+09
4.050000e-07	1.151100e+09
4.060000e-07	1.122700e+09
4.070000e-07	1.102600e+09
4.080000e-07	1.151400e+09
4.090000e-07	1.229900e+09
4.100000e-07	1.048500e+09
4.110000e-07	1.173800e+09
4.120000e-07	1.247800e+09
4.130000e-07	1.197100e+09
4.140000e-07	1.184200e+09
4.150000e-07	1.225800e+09
4.160000e-07	1.262400e+09
4.170000e-07	1.231200e+09
4.180000e-07	1.177700e+09
4.190000e-07	1.225800e+09
4.200000e-07	1.123200e+09
4.210000e-07	1.275700e+09
4.220000e-07	1.258300e+09
4.230000e-07	1.218400e+09
4.240000e-07	1.211700e+09
4.250000e-07	1.248800e+09
4.260000e-07	1.213500e+09
4.270000e-07	1.172400e+09
4.280000e-07	1.183900e+09
4.290000e-07	1.096300e+09
4.300000e-07	8.746200e+08
4.310000e-07	7.939400e+08
4.320000e-07	1.320700e+09
4.330000e-07	1.228800e+09
4.340000e-07	1.135200e+09
4.350000e-07	1.245200e+09
4.360000e-07	1.365900e+09
4.370000e-07	1.394300e+09
4.380000e-07	1.223800e+09
4.390000e-07	1.177500e+09
4.400000e-07	1.349900e+09
4.410000e-07	1.331300e+09
4.420000e-07	1.425000e+09
4.430000e-07	1.445300e+09
4.440000e-07	1.408400e+09
4.450000e-07	1.461900e+09
4.460000e-07	1.310800e+09
4.470000e-07	1.490300e+09
4.480000e-07	1.508100e+09
4.490000e-07	1.504500e+09
4.500000e-07	1.559500e+09
4.510000e-07	1.617300e+09
4.520000e-07	1.548200e+09
4.530000e-07	1.429700e+09
4.540000e-07	1.533500e+09
4.550000e-07	1.522400e+09
4.560000e-07	1.572400e+09
4.570000e-07	1.585400e+09
4.580000e-07	1.551400e+09
4.590000e-07	1.539100e+09
4.600000e-07	1.529100e+09
4.610000e-07	1.582700e+09
4.620000e-07	1.597500e+09
4.630000e-07	1.603100e+09
4.640000e-07	1.554400e+09
4.650000e-07	1.535000e+09
4.660000e-07	1.567300e+09
4.670000e-07	1.497300e+09
4.680000e-07	1.561900e+09
4.690000e-07	1.568200e+09
4.700000e-07	1.507700e+09
4.710000e-07	1.533100e+09
4.720000e-07	1.612600e+09
4.730000e-07	1.549900e+09
4.740000e-07	1.567100e+09
4.750000e-07	1.618500e+09
4.760000e-07	1.563100e+09
4.770000e-07	1.572400e+09
4.780000e-07	1.623000e+09
4.790000e-07	1.591600e+09
4.800000e-07	1.618100e+09
4.810000e-07	1.617700e+09
4.820000e-07	1.623600e+09
4.830000e-07	1.603800e+09
4.840000e-07	1.573400e+09
4.850000e-07	1.568300e+09
4.860000e-07	1.271600e+09
4.870000e-07	1.424100e+09
4.880000e-07	1.541300e+09
4.890000e-07	1.451900e+09
4.900000e-07	1.622400e+09
4.910000e-07	1.559500e+09
4.920000e-07	1.486900e+09
4.930000e-07	1.590300e+09
4.940000e-07	1.552500e+09
4.950000e-07	1.648500e+09
4.960000e-07	1.567600e+09
4.970000e-07	1.594400e+09
4.980000e-07	1.550900e+09
4.990000e-07	1.550700e+09
5.000000e-07	1.545100e+09
5.010000e-07	1.497800e+09
5.020000e-07	1.496600e+09
5.030000e-07	1.565300e+09
5.040000e-07	1.458700e+09
5.050000e-07	1.563500e+09
5.060000e-07	1.626400e+09
5.070000e-07	1.556000e+09
5.080000e-07	1.516500e+09
5.090000e-07	1.589300e+09
5.100000e-07	1.548100e+09
5.110000e-07	1.576900e+09
5.120000e-07	1.618600e+09
5.130000e-07	1.520600e+09
5.140000e-07	1.488500e+09
5.150000e-07	1.531400e+09
5.160000e-07	1.545500e+09
5.170000e-07	1.259400e+09
5.180000e-07	1.440300e+09
5.190000e-07	1.395700e+09
5.200000e-07	1.523600e+09
5.210000e-07	1.534600e+09
5.220000e-07	1.569000e+09
5.230000e-07	1.478900e+09
5.240000e-07	1.590500e+09
5.250000e-07	1.578100e+09
5.260000e-07	1.534100e+09
5.270000e-07	1.341700e+09
5.280000e-07	1.535700e+09
5.290000e-07	1.607100e+09
5.300000e-07	1.544600e+09
5.310000e-07	1.629200e+09
5.320000e-07	1.599800e+09
5.330000e-07	1.428600e+09
5.340000e-07	1.530200e+09
5.350000e-07	1.553500e+09
5.360000e-07	1.619900e+09
5.370000e-07	1.498900e+09
5.380000e-07	1.573800e+09
5.390000e-07	1.535200e+09
5.400000e-07	1.482500e+09
5.410000e-07	1.425100e+09
5.420000e-07	1.551100e+09
5.430000e-07	1.525600e+09
5.440000e-07	1.579200e+09
5.450000e-07	1.543500e+09
5.460000e-07	1.529100e+09
5.470000e-07	1.549000e+09
5.480000e-07	1.504900e+09
5.490000e-07	1.552000e+09
5.500000e-07	1.539900e+09
5.510000e-07	1.538200e+09
5.520000e-07	1.569700e+09
5.530000e-07	1.525000e+09
5.540000e-07	1.554900e+09
5.550000e-07	1.563400e+09
5.560000e-07	1.536600e+09
5.570000e-07	1.498800e+09
5.580000e-07	1.531000e+09
5.590000e-07	1.448300e+09
5.600000e-07	1.474000e+09
5.610000e-07	1.559500e+09
5.620000e-07	1.484700e+09
5.630000e-07	1.540800e+09
5.640000e-07	1.510600e+09
5.650000e-07	1.520100e+09
5.660000e-07	1.437400e+09
5.670000e-07	1.532000e+09
5.680000e-07	1.518000e+09
5.690000e-07	1.480700e+09
5.700000e-07	1.481600e+09
5.710000e-07	1.433100e+09
5.720000e-07	1.513400e+09
5.730000e-07	1.519800e+09
5.740000e-07	1.511900e+09
5.750000e-07	1.477700e+09
5.760000e-07	1.465400e+09
5.770000e-07	1.502300e+09
5.780000e-07	1.456000e+09
5.790000e-07	1.477000e+09
5.800000e-07	1.502000e+09
5.810000e-07	1.508900e+09
5.820000e-07	1.532000e+09
5.830000e-07	1.547900e+09
5.840000e-07	1.544800e+09
5.850000e-07	1.532400e+09
5.860000e-07	1.495300e+09
5.870000e-07	1.528100e+09
5.880000e-07	1.493400e+09
5.890000e-07	1.289400e+09
5.900000e-07	1.370900e+09
5.910000e-07	1.466200e+09
5.920000e-07	1.435400e+09
5.930000e-07	1.456100e+09
5.940000e-07	1.449100e+09
5.950000e-07	1.430800e+09
5.960000e-07	1.474500e+09
5.970000e-07	1.478800e+09
5.980000e-07	1.460700e+09
5.990000e-07	1.460600e+09
6.000000e-07	1.475300e+09
6.010000e-07	1.457900e+09
6.020000e-07	1.436000e+09
6.030000e-07	1.466400e+09
6.040000e-07	1.492100e+09
6.050000e-07	1.489500e+09
6.060000e-07	1.482200e+09
6.070000e-07	1.491100e+09
6.080000e-07	1.486200e+09
6.090000e-07	1.474900e+09
6.100000e-07	1.468600e+09
6.110000e-07	1.461100e+09
6.120000e-07	1.483100e+09
6.130000e-07	1.462100e+09
6.140000e-07	1.417600e+09
6.150000e-07	1.469700e+09
6.160000e-07	1.431000e+09
6.170000e-07	1.412800e+09
6.180000e-07	1.466400e+09
6.190000e-07	1.473300e+09
6.200000e-07	1.473900e+09
6.210000e-07	1.480200e+09
6.220000e-07	1.426900e+09
6.230000e-07	1.416500e+09
6.240000e-07	1.411800e+09
6.250000e-07	1.402600e+09
6.260000e-07	1.401200e+09
6.270000e-07	1.441700e+09
6.280000e-07	1.363100e+09
6.290000e-07	1.411400e+09
6.300000e-07	1.392400e+09
6.310000e-07	1.416100e+09
6.320000e-07	1.363800e+09
6.330000e-07	1.450800e+09
6.340000e-07	1.428400e+09
6.350000e-07	1.445800e+09
6.360000e-07	1.412800e+09
6.370000e-07	1.461000e+09
6.380000e-07	1.470700e+09
6.390000e-07	1.464600e+09
6.400000e-07	1.434000e+09
6.410000e-07	1.434800e+09
6.420000e-07	1.437600e+09
6.430000e-07	1.452500e+09
6.440000e-07	1.446200e+09
6.450000e-07	1.456700e+09
6.460000e-07	1.415000e+09
6.470000e-07	1.408600e+09
6.480000e-07	1.395200e+09
6.490000e-07	1.351900e+09
6.500000e-07	1.359400e+09
6.510000e-07	1.444700e+09
6.520000e-07	1.387100e+09
6.530000e-07	1.431100e+09
6.540000e-07	1.415300e+09
6.550000e-07	1.349900e+09
6.560000e-07	1.185100e+09
6.570000e-07	1.239300e+09
6.580000e-07	1.385500e+09
6.590000e-07	1.390500e+09
6.600000e-07	1.399200e+09
6.610000e-07	1.393300e+09
6.620000e-07	1.381900e+09
6.630000e-07	1.384400e+09
6.640000e-07	1.396700e+09
6.650000e-07	1.421400e+09
6.660000e-07	1.420300e+09
6.670000e-07	1.410200e+09
6.680000e-07	1.415000e+09
6.690000e-07	1.439400e+09
6.700000e-07	1.419600e+09
6.710000e-07	1.416900e+09
6.720000e-07	1.397200e+09
6.730000e-07	1.409400e+09
6.740000e-07	1.407400e+09
6.750000e-07	1.395800e+09
6.760000e-07	1.412000e+09
6.770000e-07	1.399100e+09
6.780000e-07	1.406600e+09
6.790000e-07	1.394700e+09
6.800000e-07	1.396900e+09
6.810000e-07	1.391500e+09
6.820000e-07	1.398100e+09
6.830000e-07	1.383000e+09
6.840000e-07	1.373900e+09
6.850000e-07	1.374800e+09
6.860000e-07	1.343800e+09
6.870000e-07	9.682400e+08
6.880000e-07	1.120600e+09
6.890000e-07	1.127800e+09
6.900000e-07	1.182100e+09
6.910000e-07	1.233300e+09
6.920000e-07	1.268900e+09
6.930000e-07	1.260900e+09
6.940000e-07	1.246400e+09
6.950000e-07	1.271400e+09
6.960000e-07	1.268400e+09
6.970000e-07	1.340300e+09
6.980000e-07	1.319200e+09
6.990000e-07	1.291800e+09
7.000000e-07	1.282300e+09
7.010000e-07	1.265900e+09
7.020000e-07	1.267400e+09
7.030000e-07	1.274700e+09
7.040000e-07	1.307800e+09
7.050000e-07	1.321400e+09
7.060000e-07	1.314400e+09
7.070000e-07	1.309000e+09
7.080000e-07	1.304800e+09
7.090000e-07	1.309500e+09
7.100000e-07	1.317500e+09
7.110000e-07	1.315500e+09
7.120000e-07	1.307100e+09
7.130000e-07	1.291800e+09
7.140000e-07	1.302900e+09
7.150000e-07	1.258700e+09
7.160000e-07	1.271600e+09
7.170000e-07	1.107100e+09
7.180000e-07	1.029600e+09
7.190000e-07	9.231800e+08
7.200000e-07	9.855000e+08
7.210000e-07	1.086100e+09
7.220000e-07	1.240700e+09
7.230000e-07	1.144400e+09
7.240000e-07	1.055500e+09
7.250000e-07	1.038000e+09
7.260000e-07	1.081300e+09
7.270000e-07	1.085000e+09
7.280000e-07	1.040000e+09
7.290000e-07	1.046600e+09
7.300000e-07	1.128500e+09
7.310000e-07	1.070300e+09
7.320000e-07	1.153400e+09
7.330000e-07	1.196200e+09
7.340000e-07	1.235700e+09
7.350000e-07	1.217800e+09
7.360000e-07	1.205900e+09
7.370000e-07	1.203900e+09
7.380000e-07	1.226900e+09
7.390000e-07	1.190500e+09
7.400000e-07	1.219500e+09
7.410000e-07	1.214800e+09
7.420000e-07	1.215300e+09
7.430000e-07	1.240500e+09
7.440000e-07	1.250300e+09
7.450000e-07	1.249700e+09
7.460000e-07	1.247000e+09
7.470000e-07	1.247700e+09
7.480000e-07	1.240100e+09
7.490000e-07	1.235700e+09
7.500000e-07	1.234100e+09
7.510000e-07	1.228600e+09
7.520000e-07	1.233000e+09
7.530000e-07	1.226600e+09
7.540000e-07	1.242000e+09
7.550000e-07	1.238300e+09
7.560000e-07	1.223200e+09
7.570000e-07	1.222100e+09
7.580000e-07	1.229500e+09
7.590000e-07	1.194500e+09
7.600000e-07	2.660400e+08
7.610000e-07	1.539600e+08
7.620000e-07	6.876600e+08
7.630000e-07	3.795200e+08
7.640000e-07	5.387800e+08
7.650000e-07	6.860100e+08
7.660000e-07	8.146100e+08
7.670000e-07	9.741700e+08
7.680000e-07	1.113800e+09
7.690000e-07	1.127800e+09
7.700000e-07	1.160800e+09
7.710000e-07	1.168600e+09
7.720000e-07	1.177800e+09
7.730000e-07	1.177100e+09
7.740000e-07	1.177100e+09
7.750000e-07	1.177100e+09
7.760000e-07	1.179800e+09
7.770000e-07	1.172700e+09
7.780000e-07	1.171300e+09
7.790000e-07	1.176500e+09
7.800000e-07	1.163600e+09
7.810000e-07	1.160700e+09
7.820000e-07	1.166200e+09
7.830000e-07	1.161400e+09
7.840000e-07	1.153600e+09
7.850000e-07	1.158600e+09
7.860000e-07	1.159200e+09
7.870000e-07	1.145000e+09
7.880000e-07	1.130500e+09
7.890000e-07	1.125700e+09
7.900000e-07	1.091000e+09
7.910000e-07	1.105800e+09
7.920000e-07	1.095300e+09
7.930000e-07	1.087500e+09
7.940000e-07	1.097200e+09
7.950000e-07	1.093200e+09
7.960000e-07	1.074200e+09
7.970000e-07	1.091300e+09
7.980000e-07	1.112100e+09
7.990000e-07	1.090500e+09
8.000000e-07	1.072500e+09
8.010000e-07	1.084300e+09
8.020000e-07	1.085600e+09
8.030000e-07	1.065700e+09
8.040000e-07	1.078200e+09
8.050000e-07	1.054500e+09
8.060000e-07	1.097400e+09
8.070000e-07	1.085900e+09
8.080000e-07	1.082100e+09
8.090000e-07	1.054800e+09
8.100000e-07	1.055900e+09
8.110000e-07	1.053300e+09
8.120000e-07	1.026800e+09
8.130000e-07	1.008600e+09
8.140000e-07	9.035600e+08
8.150000e-07	8.952300e+08
8.160000e-07	8.321600e+08
8.170000e-07	8.518300e+08
8.180000e-07	8.225900e+08
8.190000e-07	9.051900e+08
8.200000e-07	8.618800e+08
8.210000e-07	9.976400e+08
8.220000e-07	9.515700e+08
8.230000e-07	6.727100e+08
8.240000e-07	9.350600e+08
8.250000e-07	9.693500e+08
8.260000e-07	9.338100e+08
8.270000e-07	9.846500e+08
8.280000e-07	8.497900e+08
8.290000e-07	9.293000e+08
8.300000e-07	9.160100e+08
8.310000e-07	9.239200e+08
8.320000e-07	8.942600e+08
8.330000e-07	9.565000e+08
8.340000e-07	9.341200e+08
8.350000e-07	1.003200e+09
8.360000e-07	9.723400e+08
8.370000e-07	1.009200e+09
8.380000e-07	9.990100e+08
8.390000e-07	1.001300e+09
8.400000e-07	1.015700e+09
8.410000e-07	1.010100e+09
8.420000e-07	9.970300e+08
8.430000e-07	1.005300e+09
8.440000e-07	9.863100e+08
8.450000e-07	1.016500e+09
8.460000e-07	1.018700e+09
8.470000e-07	9.917000e+08
8.480000e-07	9.921700e+08
8.490000e-07	9.859600e+08
8.500000e-07	8.937200e+08
8.510000e-07	9.749300e+08
8.520000e-07	9.692700e+08
8.530000e-07	9.648600e+08
8.540000e-07	8.511200e+08
8.550000e-07	9.130000e+08
8.560000e-07	9.731700e+08
8.570000e-07	9.916600e+08
8.580000e-07	9.919600e+08
8.590000e-07	9.917100e+08
8.600000e-07	9.881600e+08
8.610000e-07	9.867900e+08
8.620000e-07	9.944900e+08
8.630000e-07	1.000500e+09
8.640000e-07	9.791600e+08
8.650000e-07	9.632400e+08
8.660000e-07	8.490000e+08
8.670000e-07	9.154600e+08
8.680000e-07	9.592000e+08
8.690000e-07	9.495600e+08
8.700000e-07	9.675500e+08
8.710000e-07	9.538700e+08
8.720000e-07	9.668600e+08
8.730000e-07	9.572100e+08
8.740000e-07	9.404200e+08
8.750000e-07	9.268700e+08
8.760000e-07	9.527700e+08
8.770000e-07	9.561500e+08
8.780000e-07	9.523700e+08
8.790000e-07	9.365600e+08
8.800000e-07	9.395700e+08
8.810000e-07	9.086100e+08
8.820000e-07	9.324500e+08
8.830000e-07	9.292700e+08
8.840000e-07	9.330500e+08
8.850000e-07	9.442300e+08
8.860000e-07	9.075200e+08
8.870000e-07	9.106200e+08
8.880000e-07	9.222800e+08
8.890000e-07	9.345500e+08
8.900000e-07	9.239300e+08
8.910000e-07	9.258400e+08
8.920000e-07	9.088100e+08
8.930000e-07	8.732700e+08
8.940000e-07	8.513000e+08
8.950000e-07	8.135700e+08
8.960000e-07	7.625300e+08
8.970000e-07	6.656600e+08
8.980000e-07	7.178000e+08
8.990000e-07	5.487100e+08
9.000000e-07	7.426000e+08
9.010000e-07	5.993300e+08
9.020000e-07	6.679100e+08
9.030000e-07	6.888900e+08
9.040000e-07	8.445700e+08
9.050000e-07	8.170900e+08
9.060000e-07	7.755800e+08
9.070000e-07	6.385400e+08
9.080000e-07	6.521700e+08
9.090000e-07	7.043100e+08
9.100000e-07	6.246700e+08
9.110000e-07	6.680800e+08
9.120000e-07	6.889300e+08
9.130000e-07	6.283400e+08
9.140000e-07	6.264900e+08
9.150000e-07	6.783600e+08
9.160000e-07	5.764600e+08
9.170000e-07	7.301700e+08
9.180000e-07	5.927100e+08
9.190000e-07	7.387700e+08
9.200000e-07	7.441400e+08
9.210000e-07	7.804900e+08
9.220000e-07	7.002600e+08
9.230000e-07	7.450400e+08
9.240000e-07	7.215000e+08
9.250000e-07	7.111000e+08
9.260000e-07	7.033100e+08
9.270000e-07	7.874200e+08
9.280000e-07	5.896800e+08
9.290000e-07	5.512700e+08
9.300000e-07	4.321000e+08
9.310000e-07	4.092100e+08
9.320000e-07	3.008600e+08
9.330000e-07	2.484100e+08
9.340000e-07	1.438000e+08
9.350000e-07	2.508400e+08
9.360000e-07	1.614200e+08
9.370000e-07	1.633800e+08
9.380000e-07	2.005800e+08
9.390000e-07	3.988700e+08
9.400000e-07	4.718100e+08
9.410000e-07	3.719500e+08
9.420000e-07	4.053200e+08
9.430000e-07	2.783400e+08
9.440000e-07	2.857900e+08
9.450000e-07	3.682100e+08
9.460000e-07	1.946100e+08
9.470000e-07	3.711200e+08
9.480000e-07	2.742300e+08
9.490000e-07	4.939600e+08
9.500000e-07	1.472600e+08
9.510000e-07	4.837800e+08
9.520000e-07	2.689100e+08
9.530000e-07	3.436200e+08
9.540000e-07	4.241100e+08
9.550000e-07	3.411700e+08
9.560000e-07	3.282100e+08
9.570000e-07	2.706700e+08
9.580000e-07	4.610100e+08
9.590000e-07	3.738500e+08
9.600000e-07	4.206600e+08
9.610000e-07	4.612000e+08
9.620000e-07	4.417400e+08
9.630000e-07	5.050300e+08
9.640000e-07	4.586000e+08
9.650000e-07	5.037400e+08
9.660000e-07	5.027500e+08
9.670000e-07	5.024000e+08
9.680000e-07	6.521000e+08
9.690000e-07	6.862200e+08
9.700000e-07	6.346100e+08
9.710000e-07	7.139700e+08
9.720000e-07	6.876500e+08
9.730000e-07	6.064800e+08
9.740000e-07	5.752900e+08
9.750000e-07	5.898700e+08
9.760000e-07	5.719100e+08
9.770000e-07	6.386400e+08
9.780000e-07	6.150900e+08
9.790000e-07	6.381500e+08
9.800000e-07	6.046800e+08
9.810000e-07	7.133800e+08
9.820000e-07	6.921800e+08
9.830000e-07	6.686500e+08
9.840000e-07	7.373200e+08
9.850000e-07	6.881700e+08
9.860000e-07	7.508300e+08
9.870000e-07	7.392800e+08
9.880000e-07	7.346200e+08
9.890000e-07	7.490600e+08
9.900000e-07	7.322700e+08
9.910000e-07	7.535800e+08
9.920000e-07	7.510200e+08
9.930000e-07	7.372800e+08
9.940000e-07	7.541000e+08
9.950000e-07	7.517600e+08
9.960000e-07	7.488400e+08
9.970000e-07	7.397100e+08
9.980000e-07	7.388700e+08
9.990000e-07	7.385700e+08
1.000000e-06	7.353200e+08
1.001000e-06	7.444200e+08
1.002000e-06	7.280500e+08
1.003000e-06	7.344200e+08
1.004000e-06	7.233600e+08
1.005000e-06	6.817400e+08
1.006000e-06	7.125200e+08
1.007000e-06	7.275300e+08
1.008000e-06	7.268500e+08
1.009000e-06	7.197200e+08
1.010000e-06	7.191400e+08
1.011000e-06	7.227800e+08
1.012000e-06	7.187700e+08
1.013000e-06	7.176100e+08
1.014000e-06	7.206800e+08
1.015000e-06	7.081700e+08
1.016000e-06	7.112900e+08
1.017000e-06	7.033700e+08
1.018000e-06	7.142200e+08
1.019000e-06	6.887800e+08
1.020000e-06	6.989600e+08
1.021000e-06	7.017500e+08
1.022000e-06	6.897000e+08
1.023000e-06	6.950800e+08
1.024000e-06	6.905800e+08
1.025000e-06	6.975300e+08
1.026000e-06	6.963600e+08
1.027000e-06	6.930500e+08
1.028000e-06	6.938500e+08
1.029000e-06	6.862800e+08
1.030000e-06	6.905500e+08
1.031000e-06	6.873600e+08
1.032000e-06	6.878700e+08
1.033000e-06	6.761300e+08
1.034000e-06	6.801500e+08
1.035000e-06	6.823400e+08
1.036000e-06	6.820200e+08
1.037000e-06	6.749700e+08
1.038000e-06	6.717200e+08
1.039000e-06	6.763600e+08
1.040000e-06	6.717000e+08
1.041000e-06	6.717600e+08
1.042000e-06	6.720000e+08
1.043000e-06	6.652500e+08
1.044000e-06	6.683300e+08
1.045000e-06	6.645200e+08
1.046000e-06	6.471400e+08
1.047000e-06	6.569400e+08
1.048000e-06	6.627400e+08
1.049000e-06	6.589600e+08
1.050000e-06	6.546300e+08
1.051000e-06	6.552100e+08
1.052000e-06	6.511800e+08
1.053000e-06	6.491900e+08
1.054000e-06	6.464600e+08
1.055000e-06	6.484700e+08
1.056000e-06	6.464100e+08
1.057000e-06	6.448200e+08
1.058000e-06	6.381800e+08
1.059000e-06	6.187500e+08
1.060000e-06	6.358500e+08
1.061000e-06	6.212100e+08
1.062000e-06	6.326600e+08
1.063000e-06	6.223900e+08
1.064000e-06	6.319600e+08
1.065000e-06	6.291300e+08
1.066000e-06	6.171300e+08
1.067000e-06	6.203200e+08
1.068000e-06	6.194400e+08
1.069000e-06	5.862600e+08
1.070000e-06	6.046900e+08
1.071000e-06	6.166100e+08
1.072000e-06	6.153600e+08
1.073000e-06	6.036300e+08
1.074000e-06	6.215800e+08
1.075000e-06	5.925200e+08
1.076000e-06	6.147100e+08
1.077000e-06	6.043400e+08
1.078000e-06	6.032100e+08
1.079000e-06	6.047400e+08
1.080000e-06	5.972200e+08
1.081000e-06	5.808300e+08
1.082000e-06	5.894000e+08
1.083000e-06	5.981400e+08
1.084000e-06	5.785200e+08
1.085000e-06	5.933000e+08
1.086000e-06	5.541000e+08
1.087000e-06	5.669700e+08
1.088000e-06	5.931700e+08
1.089000e-06	5.791900e+08
1.090000e-06	5.557300e+08
1.091000e-06	5.883500e+08
1.092000e-06	5.812400e+08
1.093000e-06	5.105800e+08
1.094000e-06	5.396500e+08
1.095000e-06	5.206700e+08
1.096000e-06	5.032300e+08
1.097000e-06	5.785200e+08
1.098000e-06	5.029100e+08
1.099000e-06	5.077200e+08
1.100000e-06	4.857700e+08
1.101000e-06	4.969600e+08
1.102000e-06	4.688300e+08
1.103000e-06	4.663700e+08
1.104000e-06	4.676500e+08
1.105000e-06	5.064400e+08
1.106000e-06	3.979200e+08
1.107000e-06	4.830400e+08
1.108000e-06	4.156500e+08
1.109000e-06	4.127800e+08
1.110000e-06	4.789900e+08
1.111000e-06	3.315400e+08
1.112000e-06	4.135700e+08
1.113000e-06	2.685000e+08
1.114000e-06	2.998500e+08
1.115000e-06	2.498700e+08
1.116000e-06	2.013600e+08
1.117000e-06	7.961800e+07
1.118000e-06	2.175300e+08
1.119000e-06	1.131700e+08
1.120000e-06	1.418900e+08
1.121000e-06	1.858600e+08
1.122000e-06	8.168600e+07
1.123000e-06	1.281700e+08
1.124000e-06	1.087000e+08
1.125000e-06	1.442800e+08
1.126000e-06	5.158900e+07
1.127000e-06	1.572500e+08
1.128000e-06	9.922400e+07
1.129000e-06	1.059100e+08
1.130000e-06	7.057400e+07
1.131000e-06	2.956000e+08
1.132000e-06	2.341100e+08
1.133000e-06	1.533100e+08
1.134000e-06	4.174000e+07
1.135000e-06	1.546200e+07
1.136000e-06	1.287600e+08
1.137000e-06	2.878500e+08
1.138000e-06	2.032900e+08
1.139000e-06	2.985000e+08
1.140000e-06	2.559900e+08
1.141000e-06	1.933700e+08
1.142000e-06	2.247900e+08
1.143000e-06	3.118300e+08
1.144000e-06	1.132600e+08
1.145000e-06	1.460400e+08
1.146000e-06	1.576400e+08
1.147000e-06	5.917600e+07
1.148000e-06	2.711300e+08
1.149000e-06	2.185400e+08
1.150000e-06	1.216400e+08
1.151000e-06	2.034000e+08
1.152000e-06	2.476200e+08
1.153000e-06	2.381200e+08
1.154000e-06	1.424800e+08
1.155000e-06	3.131600e+08
1.156000e-06	2.809000e+08
1.157000e-06	3.145800e+08
1.158000e-06	3.117100e+08
1.159000e-06	3.369300e+08
1.160000e-06	2.864800e+08
1.161000e-06	3.475300e+08
1.162000e-06	3.500200e+08
1.163000e-06	4.685700e+08
1.164000e-06	4.018800e+08
1.165000e-06	3.886000e+08
1.166000e-06	3.749400e+08
1.167000e-06	4.099600e+08
1.168000e-06	4.195400e+08
1.169000e-06	4.231000e+08
1.170000e-06	4.587300e+08
1.171000e-06	4.483100e+08
1.172000e-06	4.548300e+08
1.173000e-06	4.564200e+08
1.174000e-06	3.369200e+08
1.175000e-06	4.524000e+08
1.176000e-06	4.767900e+08
1.177000e-06	4.723500e+08
1.178000e-06	3.600000e+08
1.179000e-06	4.837100e+08
1.180000e-06	4.406900e+08
1.181000e-06	4.551400e+08
1.182000e-06	3.231800e+08
1.183000e-06	4.387000e+08
1.184000e-06	4.198500e+08
1.185000e-06	4.074100e+08
1.186000e-06	4.771500e+08
1.187000e-06	4.557500e+08
1.188000e-06	3.350400e+08
1.189000e-06	4.156900e+08
1.190000e-06	4.623900e+08
1.191000e-06	4.466000e+08
1.192000e-06	4.733600e+08
1.193000e-06	4.543400e+08
1.194000e-06	4.689000e+08
1.195000e-06	4.469600e+08
1.196000e-06	4.313100e+08
1.197000e-06	4.771500e+08
1.198000e-06	4.339200e+08
1.199000e-06	3.648900e+08
1.200000e-06	4.482500e+08
1.201000e-06	4.370800e+08
1.202000e-06	4.371700e+08
1.203000e-06	4.340900e+08
1.204000e-06	3.624700e+08
1.205000e-06	4.369200e+08
1.206000e-06	4.808600e+08
1.207000e-06	4.298600e+08
1.208000e-06	4.334600e+08
1.209000e-06	4.142800e+08
1.210000e-06	4.533600e+08
1.211000e-06	4.223200e+08
1.212000e-06	4.248900e+08
1.213000e-06	4.695600e+08
1.214000e-06	4.340700e+08
1.215000e-06	4.278000e+08
1.216000e-06	4.664000e+08
1.217000e-06	4.552800e+08
1.218000e-06	4.593400e+08
1.219000e-06	4.466300e+08
1.220000e-06	4.580500e+08
1.221000e-06	4.653100e+08
1.222000e-06	4.513900e+08
1.223000e-06	4.440600e+08
1.224000e-06	4.480800e+08
1.225000e-06	4.623600e+08
1.226000e-06	4.681900e+08
1.227000e-06	4.330400e+08
1.228000e-06	4.665800e+08
1.229000e-06	4.672100e+08
1.230000e-06	4.600300e+08
1.231000e-06	4.720300e+08
1.232000e-06	4.663300e+08
1.233000e-06	4.539700e+08
1.234000e-06	4.701600e+08
1.235000e-06	4.650400e+08
1.236000e-06	4.690800e+08
1.237000e-06	4.633900e+08
1.238000e-06	4.679700e+08
1.239000e-06	4.627200e+08
1.240000e-06	4.607700e+08
1.241000e-06	4.619700e+08
1.242000e-06	4.624700e+08
1.243000e-06	4.575400e+08
1.244000e-06	4.552800e+08
1.245000e-06	4.565500e+08
1.246000e-06	4.594500e+08
1.247000e-06	4.574600e+08
1.248000e-06	4.586000e+08
1.249000e-06	4.596600e+08
1.250000e-06	4.570500e+08
1.251000e-06	4.525800e+08
1.252000e-06	4.509700e+08
1.253000e-06	4.477300e+08
1.254000e-06	4.436300e+08
1.255000e-06	4.507000e+08
1.256000e-06	4.402300e+08
1.257000e-06	4.353200e+08
1.258000e-06	4.449600e+08
1.259000e-06	4.272500e+08
1.260000e-06	4.311000e+08
1.261000e-06	4.114600e+08
1.262000e-06	3.956700e+08
1.263000e-06	4.001900e+08
1.264000e-06	3.714800e+08
1.265000e-06	3.957000e+08
1.266000e-06	3.852700e+08
1.267000e-06	3.882200e+08
1.268000e-06	3.705100e+08
1.269000e-06	2.465200e+08
1.270000e-06	3.874400e+08
1.271000e-06	4.082500e+08
1.272000e-06	4.087900e+08
1.273000e-06	4.062500e+08
1.274000e-06	4.061400e+08
1.275000e-06	4.123300e+08
1.276000e-06	4.169300e+08
1.277000e-06	4.200100e+08
1.278000e-06	4.276300e+08
1.279000e-06	4.245600e+08
1.280000e-06	4.220400e+08
1.281000e-06	4.133500e+08
1.282000e-06	3.730500e+08
1.283000e-06	4.073300e+08
1.284000e-06	4.207800e+08
1.285000e-06	4.239900e+08
1.286000e-06	4.271400e+08
1.287000e-06	4.221300e+08
1.288000e-06	4.198900e+08
1.289000e-06	4.093600e+08
1.290000e-06	4.128500e+08
1.291000e-06	4.178600e+08
1.292000e-06	3.961800e+08
1.293000e-06	4.125700e+08
1.294000e-06	4.042100e+08
1.295000e-06	4.051400e+08
1.296000e-06	3.895700e+08
1.297000e-06	3.713000e+08
1.298000e-06	3.918300e+08
1.299000e-06	4.085200e+08
1.300000e-06	3.531200e+08
1.301000e-06	3.622800e+08
1.302000e-06	3.918100e+08
1.303000e-06	3.462100e+08
1.304000e-06	3.006200e+08
1.305000e-06	3.838200e+08
1.306000e-06	3.845300e+08
1.307000e-06	3.059400e+08
1.308000e-06	3.469600e+08
1.309000e-06	3.841300e+08
1.310000e-06	3.011400e+08
1.311000e-06	3.336600e+08
1.312000e-06	3.333700e+08
1.313000e-06	3.135200e+08
1.314000e-06	2.883300e+08
1.315000e-06	2.858100e+08
1.316000e-06	3.241900e+08
1.317000e-06	3.121700e+08
1.318000e-06	3.332800e+08
1.319000e-06	2.685500e+08
1.320000e-06	2.587200e+08
1.321000e-06	2.986600e+08
1.322000e-06	3.021700e+08
1.323000e-06	2.327900e+08
1.324000e-06	2.624900e+08
1.325000e-06	3.222400e+08
1.326000e-06	2.805100e+08
1.327000e-06	2.662500e+08
1.328000e-06	2.345000e+08
1.329000e-06	1.775900e+08
1.330000e-06	2.292300e+08
1.331000e-06	1.448000e+08
1.332000e-06	1.457900e+08
1.333000e-06	2.030400e+08
1.334000e-06	1.692500e+08
1.335000e-06	2.311700e+08
1.336000e-06	1.834800e+08
1.337000e-06	1.645400e+08
1.338000e-06	1.780400e+08
1.339000e-06	1.768100e+08
1.340000e-06	1.683100e+08
1.341000e-06	1.703900e+08
1.342000e-06	1.779800e+08
1.343000e-06	1.271100e+08
1.344000e-06	7.564500e+07
1.345000e-06	1.090400e+08
1.346000e-06	5.818600e+07
1.347000e-06	6.011900e+07
1.348000e-06	4.745100e+06
1.349000e-06	1.615900e+07
1.350000e-06	1.602500e+07
1.351000e-06	4.629800e+06
1.352000e-06	1.516400e+06
1.353000e-06	9.609600e+04
1.354000e-06	2.900900e+05
1.355000e-06	3.603400e+03
1.356000e-06	4.807000e+04
1.357000e-06	7.178600e+04
1.358000e-06	4.194800e+03
1.359000e-06	7.343900e+02
1.360000e-06	2.140400e+03
1.361000e-06	4.813300e+00
1.362000e-06	1.807600e-02
1.363000e-06	3.156300e+03
1.364000e-06	1.358900e+03
1.365000e-06	9.076400e-03
1.366000e-06	1.279100e+04
1.367000e-06	4.976400e+03
1.368000e-06	1.481000e-04
1.369000e-06	5.166700e+02
1.370000e-06	2.920000e+02
1.371000e-06	1.973100e+01
1.372000e-06	2.749800e+03
1.373000e-06	4.440100e+04
1.374000e-06	1.791700e+05
1.375000e-06	3.233200e+05
1.376000e-06	2.574800e+05
1.377000e-06	1.227000e+05
1.378000e-06	1.108900e+06
1.379000e-06	5.216400e+04
1.380000e-06	8.158700e+04
1.381000e-06	2.371600e+03
1.382000e-06	2.567200e+03
1.383000e-06	4.401700e+01
1.384000e-06	6.168900e+02
1.385000e-06	2.089900e+03
1.386000e-06	2.521500e+03
1.387000e-06	1.989600e+05
1.388000e-06	4.026200e+03
1.389000e-06	5.809800e+05
1.390000e-06	4.932800e+05
1.391000e-06	3.438400e+05
1.392000e-06	2.378200e+04
1.393000e-06	1.158600e+05
1.394000e-06	7.552600e+04
1.395000e-06	6.713600e+02
1.396000e-06	6.321500e+00
1.397000e-06	4.905700e+04
1.398000e-06	1.270400e+06
1.399000e-06	8.122600e+05
1.400000e-06	3.246600e+00
1.401000e-06	1.052800e+01
1.402000e-06	1.835300e+06
1.403000e-06	2.380000e+06
1.404000e-06	7.389200e+05
1.405000e-06	3.644400e+02
1.406000e-06	2.044800e+06
1.407000e-06	1.745700e+05
1.408000e-06	1.649300e+06
1.409000e-06	6.191900e+05
1.410000e-06	4.665300e+05
1.411000e-06	2.114200e+06
1.412000e-06	2.639600e+06
1.413000e-06	2.335300e+07
1.414000e-06	3.637800e+05
1.415000e-06	1.836600e+05
1.416000e-06	3.556500e+07
1.417000e-06	1.175900e+07
1.418000e-06	1.355900e+07
1.419000e-06	2.144200e+06
1.420000e-06	8.271800e+06
1.421000e-06	9.163700e+06
1.422000e-06	4.631400e+07
1.423000e-06	9.219800e+06
1.424000e-06	1.697500e+07
1.425000e-06	2.585000e+07
1.426000e-06	2.779200e+07
1.427000e-06	4.954600e+07
1.428000e-06	4.558800e+06
1.429000e-06	3.802000e+07
1.430000e-06	6.160100e+07
1.431000e-06	5.015600e+07
1.432000e-06	2.519400e+06
1.433000e-06	3.583400e+07
1.434000e-06	2.096200e+07
1.435000e-06	2.141600e+07
1.436000e-06	3.835100e+07
1.437000e-06	2.988000e+07
1.438000e-06	1.326300e+07
1.439000e-06	5.103900e+07
1.440000e-06	3.960100e+07
1.441000e-06	3.180000e+07
1.442000e-06	3.631700e+07
1.443000e-06	4.506300e+07
1.444000e-06	6.179100e+07
1.445000e-06	4.975100e+07
1.446000e-06	2.309500e+07
1.447000e-06	3.621500e+07
1.448000e-06	1.156900e+08
1.449000e-06	1.021300e+08
1.450000e-06	2.741200e+07
1.451000e-06	1.127100e+07
1.452000e-06	6.236100e+07
1.453000e-06	8.197800e+07
1.454000e-06	1.375900e+08
1.455000e-06	6.615000e+07
1.456000e-06	8.850900e+07
1.457000e-06	1.170000e+08
1.458000e-06	1.364300e+08
1.459000e-06	1.630700e+08
1.460000e-06	8.542100e+07
1.461000e-06	9.027600e+07
1.462000e-06	1.306000e+08
1.463000e-06	4.322500e+07
1.464000e-06	1.518400e+08
1.465000e-06	9.338300e+07
1.466000e-06	6.519700e+07
1.467000e-06	3.605400e+07
1.468000e-06	7.694200e+07
1.469000e-06	9.484500e+07
1.470000e-06	4.967800e+07
1.471000e-06	1.784800e+07
1.472000e-06	4.677100e+07
1.473000e-06	7.019800e+07
1.474000e-06	9.733900e+07
1.475000e-06	1.846300e+08
1.476000e-06	6.877800e+07
1.477000e-06	6.973600e+07
1.478000e-06	6.348000e+07
1.479000e-06	1.200100e+08
1.480000e-06	6.063700e+07
1.481000e-06	1.152900e+08
1.482000e-06	5.849000e+07
1.483000e-06	1.485900e+08
1.484000e-06	1.374700e+08
1.485000e-06	1.250300e+08
1.486000e-06	1.234000e+08
1.487000e-06	6.062900e+07
1.488000e-06	9.418000e+07
1.489000e-06	1.897300e+08
1.490000e-06	1.747800e+08
1.491000e-06	1.977800e+08
1.492000e-06	1.644100e+08
1.493000e-06	1.815700e+08
1.494000e-06	2.036700e+08
1.495000e-06	1.825300e+08
1.496000e-06	1.685200e+08
1.497000e-06	2.285000e+08
1.498000e-06	1.896800e+08
1.499000e-06	2.175900e+08
1.500000e-06	2.506100e+08
1.501000e-06	2.655200e+08
1.502000e-06	2.335600e+08
1.503000e-06	1.849300e+08
1.504000e-06	1.602900e+08
1.505000e-06	1.840200e+08
1.506000e-06	2.577300e+08
1.507000e-06	2.551400e+08
1.508000e-06	2.430200e+08
1.509000e-06	1.869000e+08
1.510000e-06	2.705200e+08
1.511000e-06	2.647400e+08
1.512000e-06	2.606800e+08
1.513000e-06	2.423900e+08
1.514000e-06	2.257100e+08
1.515000e-06	2.657300e+08
1.516000e-06	2.568300e+08
1.517000e-06	2.492900e+08
1.518000e-06	2.521100e+08
1.519000e-06	2.443700e+08
1.520000e-06	2.645000e+08
1.521000e-06	2.750500e+08
1.522000e-06	2.637800e+08
1.523000e-06	2.800400e+08
1.524000e-06	2.753900e+08
1.525000e-06	2.588400e+08
1.526000e-06	2.674500e+08
1.527000e-06	2.622000e+08
1.528000e-06	2.792800e+08
1.529000e-06	2.724400e+08
1.530000e-06	2.552200e+08
1.531000e-06	2.697300e+08
1.532000e-06	2.783900e+08
1.533000e-06	2.771400e+08
1.534000e-06	2.689200e+08
1.535000e-06	2.668600e+08
1.536000e-06	2.746400e+08
1.537000e-06	2.733600e+08
1.538000e-06	2.720200e+08
1.539000e-06	2.729500e+08
1.540000e-06	2.649100e+08
1.541000e-06	2.690400e+08
1.542000e-06	2.692700e+08
1.543000e-06	2.720800e+08
1.544000e-06	2.721000e+08
1.545000e-06	2.770500e+08
1.546000e-06	2.748100e+08
1.547000e-06	2.730900e+08
1.548000e-06	2.667500e+08
1.549000e-06	2.734200e+08
1.550000e-06	2.699000e+08
1.551000e-06	2.705800e+08
1.552000e-06	2.718200e+08
1.553000e-06	2.713200e+08
1.554000e-06	2.647400e+08
1.555000e-06	2.675900e+08
1.556000e-06	2.631000e+08
1.557000e-06	2.706200e+08
1.558000e-06	2.684800e+08
1.559000e-06	2.680800e+08
1.560000e-06	2.656800e+08
1.561000e-06	2.700200e+08
1.562000e-06	2.675600e+08
1.563000e-06	2.666700e+08
1.564000e-06	2.626400e+08
1.565000e-06	2.672800e+08
1.566000e-06	2.624500e+08
1.567000e-06	2.630800e+08
1.568000e-06	2.572200e+08
1.569000e-06	2.545200e+08
1.570000e-06	2.417500e+08
1.571000e-06	2.350700e+08
1.572000e-06	2.377500e+08
1.573000e-06	2.340700e+08
1.574000e-06	2.414500e+08
1.575000e-06	2.397400e+08
1.576000e-06	2.467800e+08
1.577000e-06	2.160200e+08
1.578000e-06	2.351600e+08
1.579000e-06	2.367200e+08
1.580000e-06	2.446400e+08
1.581000e-06	2.487000e+08
1.582000e-06	2.419500e+08
1.583000e-06	2.475500e+08
1.584000e-06	2.490400e+08
1.585000e-06	2.587400e+08
1.586000e-06	2.556900e+08
1.587000e-06	2.530300e+08
1.588000e-06	2.510700e+08
1.589000e-06	2.323300e+08
1.590000e-06	2.417900e+08
1.591000e-06	2.419700e+08
1.592000e-06	2.522500e+08
1.593000e-06	2.583300e+08
1.594000e-06	2.562400e+08
1.595000e-06	2.582300e+08
1.596000e-06	2.445200e+08
1.597000e-06	2.469200e+08
1.598000e-06	2.542100e+08
1.599000e-06	2.420200e+08
1.600000e-06	2.381000e+08
1.601000e-06	2.232300e+08
1.602000e-06	2.241300e+08
1.603000e-06	2.239700e+08
1.604000e-06	2.284200e+08
1.605000e-06	2.368300e+08
1.606000e-06	2.414000e+08
1.607000e-06	2.329600e+08
1.608000e-06	2.299000e+08
1.609000e-06	2.272700e+08
1.610000e-06	2.176000e+08
1.611000e-06	2.268000e+08
1.612000e-06	2.307600e+08
1.613000e-06	2.371900e+08
1.614000e-06	2.383800e+08
1.615000e-06	2.410400e+08
1.616000e-06	2.305000e+08
1.617000e-06	2.346500e+08
1.618000e-06	2.435200e+08
1.619000e-06	2.410000e+08
1.620000e-06	2.344900e+08
1.621000e-06	2.343000e+08
1.622000e-06	2.375400e+08
1.623000e-06	2.424600e+08
1.624000e-06	2.426900e+08
1.625000e-06	2.378200e+08
1.626000e-06	2.397100e+08
1.627000e-06	2.407800e+08
1.628000e-06	2.412600e+08
1.629000e-06	2.413700e+08
1.630000e-06	2.365100e+08
1.631000e-06	2.380600e+08
1.632000e-06	2.382100e+08
1.633000e-06	2.326700e+08
1.634000e-06	2.328200e+08
1.635000e-06	2.336700e+08
1.636000e-06	2.353900e+08
1.637000e-06	2.270000e+08
1.638000e-06	2.200700e+08
1.639000e-06	2.202600e+08
1.640000e-06	2.151100e+08
1.641000e-06	2.196000e+08
1.642000e-06	2.208200e+08
1.643000e-06	2.153500e+08
1.644000e-06	2.235500e+08
1.645000e-06	2.182200e+08
1.646000e-06	2.174900e+08
1.647000e-06	2.276800e+08
1.648000e-06	2.165500e+08
1.649000e-06	2.186700e+08
1.650000e-06	2.252600e+08
1.651000e-06	2.085500e+08
1.652000e-06	2.237300e+08
1.653000e-06	2.227700e+08
1.654000e-06	2.158300e+08
1.655000e-06	2.223100e+08
1.656000e-06	2.210100e+08
1.657000e-06	2.222300e+08
1.658000e-06	2.248700e+08
1.659000e-06	2.212000e+08
1.660000e-06	2.233200e+08
1.661000e-06	2.238400e+08
1.662000e-06	2.190800e+08
1.663000e-06	2.223500e+08
1.664000e-06	2.209800e+08
1.665000e-06	2.117800e+08
1.666000e-06	1.788400e+08
1.667000e-06	2.106800e+08
1.668000e-06	2.145900e+08
1.669000e-06	2.151600e+08
1.670000e-06	2.216800e+08
1.671000e-06	2.187900e+08
1.672000e-06	2.114700e+08
1.673000e-06	2.162900e+08
1.674000e-06	2.157500e+08
1.675000e-06	2.136000e+08
1.676000e-06	2.114500e+08
1.677000e-06	2.122900e+08
1.678000e-06	2.091500e+08
1.679000e-06	2.130300e+08
1.680000e-06	2.055800e+08
1.681000e-06	1.944700e+08
1.682000e-06	2.036600e+08
1.683000e-06	2.090600e+08
1.684000e-06	1.979700e+08
1.685000e-06	2.132100e+08
1.686000e-06	2.102600e+08
1.687000e-06	2.048400e+08
1.688000e-06	2.101300e+08
1.689000e-06	2.071800e+08
1.690000e-06	2.052300e+08
1.691000e-06	1.930300e+08
1.692000e-06	2.070800e+08
1.693000e-06	2.113400e+08
1.694000e-06	2.047700e+08
1.695000e-06	2.096800e+08
1.696000e-06	2.092200e+08
1.697000e-06	1.810700e+08
1.698000e-06	2.073900e+08
1.699000e-06	2.055100e+08
1.700000e-06	1.997500e+08
1.702000e-06	2.039600e+08
1.705000e-06	1.977800e+08
1.710000e-06	1.879000e+08
1.715000e-06	1.896500e+08
1.720000e-06	1.869800e+08
1.725000e-06	1.780800e+08
1.730000e-06	1.740700e+08
1.735000e-06	1.615400e+08
1.740000e-06	1.681800e+08
1.745000e-06	1.548100e+08
1.750000e-06	1.656600e+08
1.755000e-06	1.530100e+08
1.760000e-06	1.599800e+08
1.765000e-06	1.328400e+08
1.770000e-06	1.417200e+08
1.775000e-06	1.148400e+08
1.780000e-06	1.005000e+08
1.785000e-06	7.698100e+07
1.790000e-06	8.890400e+07
1.795000e-06	4.693100e+07
1.800000e-06	3.182800e+07
1.805000e-06	1.481500e+07
1.810000e-06	9.691100e+06
1.815000e-06	3.281600e+06
1.820000e-06	9.875500e+05
1.825000e-06	1.274400e+06
1.830000e-06	5.204100e+03
1.835000e-06	6.419000e+03
1.840000e-06	6.270300e+01
1.845000e-06	6.265800e+03
1.850000e-06	2.999300e+03
1.855000e-06	2.839600e+02
1.860000e-06	1.115100e+04
1.865000e-06	1.698200e+04
1.870000e-06	2.666200e-01
1.875000e-06	4.513000e-01
1.880000e-06	7.750500e+04
1.885000e-06	4.389000e+04
1.890000e-06	2.233300e+05
1.895000e-06	1.294700e+05
1.900000e-06	8.622100e+02
1.905000e-06	5.666700e+02
1.910000e-06	2.304500e+04
1.915000e-06	1.994700e+04
1.920000e-06	4.506900e+05
1.925000e-06	9.361500e+05
1.930000e-06	5.524200e+05
1.935000e-06	3.593500e+06
1.940000e-06	3.282100e+06
1.945000e-06	1.086300e+07
1.950000e-06	1.672700e+07
1.955000e-06	1.003600e+07
1.960000e-06	2.190600e+07
1.965000e-06	2.856300e+07
1.970000e-06	4.884700e+07
1.975000e-06	6.785700e+07
1.980000e-06	7.551200e+07
1.985000e-06	8.306300e+07
1.990000e-06	8.561300e+07
1.995000e-06	8.119000e+07
2.000000e-06	3.815600e+07
2.005000e-06	1.500100e+07
2.010000e-06	3.974800e+07
2.015000e-06	2.664800e+07
2.020000e-06	4.498100e+07
2.025000e-06	7.401000e+07
2.030000e-06	8.485600e+07
2.035000e-06	9.638600e+07
2.040000e-06	8.978100e+07
2.045000e-06	9.107400e+07
2.050000e-06	6.792700e+07
2.055000e-06	5.490600e+07
2.060000e-06	6.919300e+07
2.065000e-06	6.187500e+07
2.070000e-06	6.567600e+07
2.075000e-06	7.744300e+07
2.080000e-06	8.681200e+07
2.085000e-06	8.510200e+07
2.090000e-06	8.910000e+07
2.095000e-06	8.974700e+07
2.100000e-06	8.613300e+07
2.105000e-06	9.315300e+07
2.110000e-06	8.965400e+07
2.115000e-06	9.167300e+07
2.120000e-06	8.758800e+07
2.125000e-06	8.863200e+07
2.130000e-06	8.977400e+07
2.135000e-06	9.004400e+07
2.140000e-06	9.076700e+07
2.145000e-06	8.948600e+07
2.150000e-06	8.463900e+07
2.155000e-06	8.484000e+07
2.160000e-06	8.417000e+07
2.165000e-06	7.631000e+07
2.170000e-06	8.199600e+07
2.175000e-06	8.044800e+07
2.180000e-06	8.180800e+07
2.185000e-06	7.455000e+07
2.190000e-06	7.906800e+07
2.195000e-06	7.899200e+07
2.200000e-06	7.120200e+07
2.205000e-06	7.401000e+07
2.210000e-06	7.931500e+07
2.215000e-06	7.627300e+07
2.220000e-06	7.773000e+07
2.225000e-06	7.545300e+07
2.230000e-06	7.577300e+07
2.235000e-06	7.429900e+07
2.240000e-06	7.311800e+07
2.245000e-06	7.083800e+07
2.250000e-06	7.193700e+07
2.255000e-06	6.769000e+07
2.260000e-06	6.692900e+07
2.265000e-06	6.813700e+07
2.270000e-06	6.486700e+07
2.275000e-06	6.402100e+07
2.280000e-06	6.628800e+07
2.285000e-06	6.308000e+07
2.290000e-06	6.322000e+07
2.295000e-06	6.126500e+07
2.300000e-06	5.882400e+07
2.305000e-06	5.917100e+07
2.310000e-06	6.387000e+07
2.315000e-06	5.814100e+07
2.320000e-06	5.203100e+07
2.325000e-06	5.621500e+07
2.330000e-06	5.682400e+07
2.335000e-06	5.796700e+07
2.340000e-06	4.583600e+07
2.345000e-06	5.140000e+07
2.350000e-06	4.153600e+07
2.355000e-06	4.747300e+07
2.360000e-06	5.023700e+07
2.365000e-06	4.940900e+07
2.370000e-06	3.081700e+07
2.375000e-06	4.414700e+07
2.380000e-06	4.255200e+07
2.385000e-06	3.082600e+07
2.390000e-06	3.710900e+07
2.395000e-06	4.059400e+07
2.400000e-06	4.415000e+07
2.405000e-06	3.359900e+07
2.410000e-06	3.381300e+07
2.415000e-06	2.730000e+07
2.420000e-06	2.659000e+07
2.425000e-06	3.307800e+07
2.430000e-06	4.509900e+07
2.435000e-06	1.487800e+07
2.440000e-06	4.324900e+07
2.445000e-06	2.079800e+07
2.450000e-06	1.361100e+07
2.455000e-06	2.485300e+07
2.460000e-06	3.336300e+07
2.465000e-06	2.414800e+07
2.470000e-06	1.672700e+07
2.475000e-06	1.645500e+07
2.480000e-06	8.039500e+06
2.485000e-06	5.610200e+06
2.490000e-06	3.511300e+06
2.495000e-06	2.877200e+06
2.500000e-06	7.064200e+06
2.505000e-06	1.519100e+06
2.510000e-06	2.216300e+06
2.515000e-06	5.188000e+05
2.520000e-06	3.705400e+05
2.525000e-06	4.139300e+04
2.530000e-06	6.359300e+02
2.535000e-06	1.750200e+02
2.540000e-06	3.771600e+02
2.545000e-06	5.375800e-02
2.550000e-06	2.822200e-04
2.555000e-06	1.043500e+00
2.560000e-06	3.102000e-02
2.565000e-06	1.595500e-05
2.570000e-06	1.525800e-09
2.575000e-06	1.078600e-18
2.580000e-06	3.821400e-13
2.585000e-06	1.719400e-25
2.590000e-06	5.479300e-22
2.595000e-06	2.283800e-24
2.600000e-06	4.491200e-19
2.605000e-06	5.805300e-26
2.610000e-06	5.944700e-25
2.615000e-06	1.119600e-28
2.620000e-06	5.650500e-20
2.625000e-06	3.868700e-19
2.630000e-06	2.802600e-36
2.635000e-06	3.902700e-07
2.640000e-06	1.175000e-07
2.645000e-06	8.998800e-10
2.650000e-06	1.429500e-10
2.655000e-06	1.313300e-18
2.660000e-06	2.606800e-16
2.665000e-06	1.112300e-28
2.670000e-06	0.000000e+00
2.675000e-06	0.000000e+00
2.680000e-06	0.000000e+00
2.685000e-06	0.000000e+00
2.690000e-06	1.022600e-20
2.695000e-06	7.128400e-24
2.700000e-06	0.000000e+00
2.705000e-06	2.931500e-33
2.710000e-06	1.125000e-26
2.715000e-06	3.855700e-17
2.720000e-06	5.605200e-36
2.725000e-06	7.293500e-13
2.730000e-06	6.073400e-10
2.735000e-06	5.488800e-12
2.740000e-06	2.331400e-18
2.745000e-06	1.314600e-14
2.750000e-06	1.664800e-19
2.755000e-06	6.726200e-35
2.760000e-06	0.000000e+00
2.765000e-06	2.677700e-18
2.770000e-06	8.379100e-15
2.775000e-06	3.999000e-29
2.780000e-06	4.806700e-25
2.785000e-06	3.886600e-18
2.790000e-06	1.217000e-07
2.795000e-06	3.620500e-07
2.800000e-06	1.648400e-03
2.805000e-06	6.747800e-05
2.810000e-06	4.023300e-01
2.815000e-06	2.868500e-01
2.820000e-06	2.054800e-02
2.825000e-06	1.760500e+02
2.830000e-06	3.900800e+03
2.835000e-06	2.127600e-01
2.840000e-06	1.960900e+02
2.845000e-06	4.057500e+04
2.850000e-06	1.156600e+03
2.855000e-06	4.486700e+02
2.860000e-06	2.535600e+04
2.865000e-06	1.676300e+05
2.870000e-06	6.312900e+03
2.875000e-06	3.917000e+05
2.880000e-06	2.472400e+05
2.885000e-06	4.533200e+05
2.890000e-06	1.862300e+05
2.895000e-06	2.664300e+06
2.900000e-06	8.115200e+05
2.905000e-06	1.109600e+05
2.910000e-06	2.722000e+06
2.915000e-06	1.258100e+06
2.920000e-06	2.894800e+06
2.925000e-06	1.083500e+06
2.930000e-06	5.885800e+06
2.935000e-06	6.490300e+06
2.940000e-06	1.627300e+06
2.945000e-06	1.448900e+06
2.950000e-06	5.227600e+06
2.955000e-06	2.336100e+06
2.960000e-06	4.597100e+06
2.965000e-06	7.437900e+06
2.970000e-06	3.523300e+05
2.975000e-06	8.542900e+05
2.980000e-06	1.338100e+06
2.985000e-06	6.962800e+06
2.990000e-06	1.028000e+07
2.995000e-06	4.275500e+06
3.000000e-06	7.847200e+06
3.005000e-06	2.890600e+06
3.010000e-06	6.847900e+06
3.015000e-06	5.555100e+06
3.020000e-06	6.336900e+05
3.025000e-06	7.503100e+06
3.030000e-06	6.075300e+06
3.035000e-06	2.498600e+06
3.040000e-06	2.024200e+06
3.045000e-06	4.209000e+06
3.050000e-06	1.032100e+06
3.055000e-06	2.894700e+05
3.060000e-06	6.301200e+06
3.065000e-06	2.911300e+06
3.070000e-06	1.749200e+06
3.075000e-06	6.022100e+06
3.080000e-06	3.622400e+06
3.085000e-06	1.767100e+06
3.090000e-06	2.380500e+06
3.095000e-06	6.551000e+05
3.100000e-06	4.401000e+06
3.105000e-06	9.215500e+05
3.110000e-06	8.456900e+05
3.115000e-06	2.267700e+06
3.120000e-06	9.819700e+06
3.125000e-06	3.028900e+06
3.130000e-06	5.761400e+06
3.135000e-06	1.144600e+07
3.140000e-06	3.324100e+06
3.145000e-06	3.251700e+06
3.150000e-06	6.674400e+06
3.155000e-06	5.636600e+06
3.160000e-06	9.232000e+06
3.165000e-06	1.401700e+07
3.170000e-06	1.251600e+07
3.175000e-06	9.230200e+06
3.180000e-06	1.062100e+07
3.185000e-06	8.082300e+06
3.190000e-06	4.238800e+06
3.195000e-06	2.692700e+06
3.200000e-06	4.384300e+05
3.205000e-06	3.097300e+05
3.210000e-06	1.363400e+05
3.215000e-06	4.975200e+05
3.220000e-06	1.608900e+06
3.225000e-06	1.987500e+05
3.230000e-06	3.408000e+05
3.235000e-06	7.294000e+06
3.240000e-06	3.746400e+06
3.245000e-06	7.340900e+05
3.250000e-06	2.606700e+06
3.255000e-06	9.937800e+06
3.260000e-06	1.224800e+06
3.265000e-06	2.446500e+06
3.270000e-06	1.218600e+06
3.275000e-06	5.926500e+06
3.280000e-06	2.864400e+06
3.285000e-06	1.112800e+07
3.290000e-06	8.757100e+06
3.295000e-06	1.223400e+06
3.300000e-06	1.779400e+06
3.305000e-06	3.941600e+06
3.310000e-06	3.923500e+06
3.315000e-06	1.613300e+04
3.320000e-06	5.998700e+04
3.325000e-06	3.518700e+06
3.330000e-06	4.661600e+06
3.335000e-06	9.069400e+06
3.340000e-06	3.460200e+06
3.345000e-06	3.540800e+06
3.350000e-06	8.027700e+06
3.355000e-06	3.630800e+06
3.360000e-06	5.240200e+06
3.365000e-06	7.190700e+06
3.370000e-06	3.938900e+06
3.375000e-06	8.456000e+06
3.380000e-06	5.111500e+06
3.385000e-06	7.489600e+06
3.390000e-06	9.855200e+06
3.395000e-06	9.546500e+06
3.400000e-06	1.250900e+07
3.405000e-06	4.459400e+06
3.410000e-06	7.080200e+06
3.415000e-06	7.277400e+06
3.420000e-06	1.316500e+07
3.425000e-06	1.000600e+07
3.430000e-06	8.689200e+06
3.435000e-06	1.155300e+07
3.440000e-06	8.034800e+06
3.445000e-06	1.131800e+07
3.450000e-06	1.115300e+07
3.455000e-06	8.308900e+06
3.460000e-06	1.253000e+07
3.465000e-06	9.817900e+06
3.470000e-06	1.226400e+07
3.475000e-06	1.094300e+07
3.480000e-06	1.122400e+07
3.485000e-06	1.209400e+07
3.490000e-06	1.041900e+07
3.495000e-06	1.226500e+07
3.500000e-06	1.191700e+07
3.505000e-06	1.180900e+07
3.510000e-06	1.196300e+07
3.515000e-06	1.149400e+07
3.520000e-06	1.212200e+07
3.525000e-06	1.142800e+07
3.530000e-06	1.112700e+07
3.535000e-06	9.455600e+06
3.540000e-06	9.031000e+06
3.545000e-06	9.543200e+06
3.550000e-06	1.053800e+07
3.555000e-06	9.058100e+06
3.560000e-06	1.079500e+07
3.565000e-06	1.085100e+07
3.570000e-06	8.337600e+06
3.575000e-06	8.644400e+06
3.580000e-06	1.018700e+07
3.585000e-06	9.167100e+06
3.590000e-06	9.452300e+06
3.595000e-06	9.670000e+06
3.600000e-06	1.026200e+07
3.605000e-06	1.035900e+07
3.610000e-06	9.478700e+06
3.615000e-06	9.472600e+06
3.620000e-06	1.161400e+07
3.625000e-06	1.023900e+07
3.630000e-06	9.955000e+06
3.635000e-06	1.029900e+07
3.640000e-06	1.148000e+07
3.645000e-06	1.059900e+07
3.650000e-06	1.012300e+07
3.655000e-06	1.097800e+07
3.660000e-06	1.091400e+07
3.665000e-06	1.025300e+07
3.670000e-06	7.900300e+06
3.675000e-06	4.828600e+06
3.680000e-06	8.331200e+06
3.685000e-06	9.438000e+06
3.690000e-06	9.692200e+06
3.695000e-06	1.013200e+07
3.700000e-06	1.087800e+07
3.705000e-06	1.077000e+07
3.710000e-06	9.364000e+06
3.715000e-06	9.225400e+06
3.720000e-06	1.037600e+07
3.725000e-06	1.069800e+07
3.730000e-06	9.270700e+06
3.735000e-06	8.583700e+06
3.740000e-06	8.849400e+06
3.745000e-06	1.033100e+07
3.750000e-06	9.290300e+06
3.755000e-06	8.991800e+06
3.760000e-06	8.863300e+06
3.765000e-06	8.550200e+06
3.770000e-06	9.124300e+06
3.775000e-06	9.052100e+06
3.780000e-06	9.574600e+06
3.785000e-06	8.812300e+06
3.790000e-06	7.756400e+06
3.795000e-06	8.869200e+06
3.800000e-06	9.859200e+06
3.805000e-06	9.304900e+06
3.810000e-06	8.245100e+06
3.815000e-06	7.756900e+06
3.820000e-06	9.655000e+06
3.825000e-06	9.505600e+06
3.830000e-06	9.592500e+06
3.835000e-06	7.691600e+06
3.840000e-06	8.975600e+06
3.845000e-06	8.780100e+06
3.850000e-06	8.827400e+06
3.855000e-06	8.508500e+06
3.860000e-06	7.994000e+06
3.865000e-06	8.098900e+06
3.870000e-06	7.360400e+06
3.875000e-06	6.762000e+06
3.880000e-06	6.534000e+06
3.885000e-06	6.771700e+06
3.890000e-06	6.881800e+06
3.895000e-06	7.476000e+06
3.900000e-06	7.925400e+06
3.905000e-06	7.926900e+06
3.910000e-06	7.135300e+06
3.915000e-06	6.986800e+06
3.920000e-06	6.946600e+06
3.925000e-06	6.852000e+06
3.930000e-06	7.050200e+06
3.935000e-06	7.354100e+06
3.940000e-06	7.402700e+06
3.945000e-06	7.541200e+06
3.950000e-06	7.627700e+06
3.955000e-06	7.719900e+06
3.960000e-06	7.748200e+06
3.965000e-06	7.805700e+06
3.970000e-06	7.680600e+06
3.975000e-06	7.509700e+06
3.980000e-06	7.387200e+06
3.985000e-06	7.432700e+06
3.990000e-06	7.372300e+06
3.995000e-06	7.210000e+06
4.000000e-06	7.104300e+06